,Item,Year,Emission Intensity
0,Cereals Exc Rice,1961-12-31,3638.772074836459
1,Cereals Exc Rice,1962-12-31,4166.5373501919585
2,Cereals Exc Rice,1963-12-31,4732.314476101356
3,Cereals Exc Rice,1964-12-31,5104.757625385289
4,Cereals Exc Rice,1965-12-31,5594.503067364971
5,Cereals Exc Rice,1966-12-31,6122.268343373824
6,Cereals Exc Rice,1967-12-31,6688.045470656109
7,Cereals Exc Rice,1968-12-31,7060.488621292508
8,Cereals Exc Rice,1969-12-31,7550.234065441711
9,Cereals Exc Rice,1970-12-31,8077.999342990757
10,Cereals Exc Rice,1971-12-31,8643.776473430082
11,Cereals Exc Rice,1972-12-31,9016.219627232307
12,Cereals Exc Rice,1973-12-31,9506.103607507932
13,Cereals Exc Rice,1974-12-31,10034.080701233834
14,Cereals Exc Rice,1975-12-31,10600.069645513699
15,Cereals Exc Rice,1976-12-31,10973.327294412305
16,Cereals Exc Rice,1977-12-31,11463.88501059798
17,Cereals Exc Rice,1978-12-31,11992.739792818347
18,Cereals Exc Rice,1979-12-31,12559.606425592614
19,Cereals Exc Rice,1980-12-31,12933.65705492659
20,Cereals Exc Rice,1981-12-31,13664.52271388187
21,Cereals Exc Rice,1982-12-31,14433.408206237116
22,Cereals Exc Rice,1983-12-31,15240.730655303536
23,Cereals Exc Rice,1984-12-31,15855.380895729126
24,Cereals Exc Rice,1985-12-31,16586.68079286771
25,Cereals Exc Rice,1986-12-31,17356.000523406157
26,Cereals Exc Rice,1987-12-31,18163.33816933736
27,Cereals Exc Rice,1988-12-31,18778.173079162854
28,Cereals Exc Rice,1989-12-31,19509.6480091143
29,Cereals Exc Rice,1990-12-31,20279.142772776402
30,Cereals Exc Rice,1991-12-31,21086.649386992376
31,Cereals Exc Rice,1992-12-31,21701.48440355618
32,Cereals Exc Rice,1993-12-31,22432.959439954564
33,Cereals Exc Rice,1994-12-31,23202.454309631485
34,Cereals Exc Rice,1995-12-31,24009.96103152652
35,Cereals Exc Rice,1996-12-31,24624.79604963757
36,Cereals Exc Rice,1997-12-31,25356.271087925823
37,Cereals Exc Rice,1998-12-31,26125.7659596138
38,Cereals Exc Rice,1999-12-31,26933.272681921957
39,Cereals Exc Rice,2000-12-31,27548.10770044683
40,Cereals Exc Rice,2001-12-31,28279.749092238177
41,Cereals Exc Rice,2002-12-31,29049.666840896225
42,Cereals Exc Rice,2003-12-31,29857.59644010848
43,Cereals Exc Rice,2004-12-31,30522.43394484285
44,Cereals Exc Rice,2005-12-31,31303.774850591133
45,Cereals Exc Rice,2006-12-31,32123.272680237566
46,Cereals Exc Rice,2007-12-31,32980.78236043763
47,Cereals Exc Rice,2008-12-31,33645.7573312601
48,Cereals Exc Rice,2009-12-31,34427.23532750681
49,Cereals Exc Rice,2010-12-31,35246.73315715321
50,Cereals Exc Rice,2011-12-31,36104.24283735308
51,Cereals Exc Rice,2012-12-31,36769.21780817594
52,Cereals Exc Rice,2013-12-31,37550.69580442235
53,Cereals Exc Rice,2014-12-31,38370.19363406874
54,Cereals Exc Rice,2015-12-31,39227.703314269515
55,Cereals Exc Rice,2016-12-31,39892.67828509158
56,Cereals Exc Rice,2017-12-31,40674.15628133809
57,Cereals Exc Rice,2018-12-31,41493.654110984455
58,Cereals Exc Rice,2019-12-31,42351.163791184634
59,Cereals Exc Rice,2020-12-31,43016.13876200728
60,Cereals Exc Rice,2021-12-31,43797.616758253534
61,Cereals Exc Rice,2022-12-31,44617.11458789995
62,Cereals Exc Rice,2023-12-31,45474.62426810045
63,Cereals Exc Rice,2024-12-31,46139.59923892333
64,Cereals Exc Rice,2025-12-31,46921.07723516943
65,Cereals Exc Rice,2026-12-31,47740.575064815814
66,Cereals Exc Rice,2027-12-31,48598.08474501639
67,Cereals Exc Rice,2028-12-31,49263.05971583855
68,Cereals Exc Rice,2029-12-31,50044.537712085235
69,Cereals Exc Rice,2030-12-31,50864.03554173048
70,Cereals Exc Rice,2031-12-31,51721.54522193066
71,Cereals Exc Rice,2032-12-31,52386.52019275427
72,Cereals Exc Rice,2033-12-31,53167.9981890002
73,Cereals Exc Rice,2034-12-31,53987.49601864651
74,Cereals Exc Rice,2035-12-31,54845.005698846464
75,Cereals Exc Rice,2036-12-31,55509.98066966989
76,Cereals Exc Rice,2037-12-31,56291.45866591599
77,Cereals Exc Rice,2038-12-31,57110.95649556325
78,Cereals Exc Rice,2039-12-31,57968.46617576311
79,Cereals Exc Rice,2040-12-31,58633.441146585676
80,Cereals Exc Rice,2041-12-31,59414.91914283199
81,Cereals Exc Rice,2042-12-31,60234.41697247852
82,Cereals Exc Rice,2043-12-31,61091.92665267923
83,Cereals Exc Rice,2044-12-31,61756.90162350143
84,Cereals Exc Rice,2045-12-31,62538.37961974754
85,Cereals Exc Rice,2046-12-31,63357.87744939418
86,Cereals Exc Rice,2047-12-31,64215.38712959499
87,Cereals Exc Rice,2048-12-31,64880.36210041646
88,Cereals Exc Rice,2049-12-31,65661.84009666322
89,Cereals Exc Rice,2050-12-31,66481.33792630953
90,Cereals Exc Rice,2051-12-31,67338.8476065099
91,Cereals Exc Rice,2052-12-31,68003.82257733302
92,Cereals Exc Rice,2053-12-31,68785.30057357911
93,Cereals Exc Rice,2054-12-31,69604.79840322584
94,Cereals Exc Rice,2055-12-31,70462.30808342622
95,Cereals Exc Rice,2056-12-31,71127.28305424759
96,Cereals Exc Rice,2057-12-31,71908.7610504949
97,Cereals Exc Rice,2058-12-31,72728.25888014131
98,Cereals Exc Rice,2059-12-31,73585.76856034194
99,Cereals Exc Rice,2060-12-31,74250.743531164
100,Cereals Exc Rice,2061-12-31,75032.22152741074
101,Cereals Exc Rice,2062-12-31,75851.71935705737
102,Cereals Exc Rice,2063-12-31,76709.22903725722
103,Cereals Exc Rice,2064-12-31,77374.20400807913
104,Cereals Exc Rice,2065-12-31,78155.68200432627
105,Cereals Exc Rice,2066-12-31,78975.17983397258
106,Cereals Exc Rice,2067-12-31,79832.68951417293
0,Egg Hen in Shell,1961-12-31,193.36198993449153
1,Egg Hen in Shell,1962-12-31,206.49246343658726
2,Egg Hen in Shell,1963-12-31,228.95591601607245
3,Egg Hen in Shell,1964-12-31,245.49672734022343
4,Egg Hen in Shell,1965-12-31,249.30231914467
5,Egg Hen in Shell,1966-12-31,262.432792665359
6,Egg Hen in Shell,1967-12-31,284.89624528486775
7,Egg Hen in Shell,1968-12-31,301.4370566581273
8,Egg Hen in Shell,1969-12-31,305.2426484784697
9,Egg Hen in Shell,1970-12-31,318.3731219874886
10,Egg Hen in Shell,1971-12-31,340.83657457633115
11,Egg Hen in Shell,1972-12-31,357.3773859188515
12,Egg Hen in Shell,1973-12-31,361.17728834071465
13,Egg Hen in Shell,1974-12-31,374.2942222349848
14,Egg Hen in Shell,1975-12-31,396.74413520667656
15,Egg Hen in Shell,1976-12-31,413.2633937252414
16,Egg Hen in Shell,1977-12-31,417.04749161157633
17,Egg Hen in Shell,1978-12-31,430.15647099152307
18,Egg Hen in Shell,1979-12-31,452.5984294488934
19,Egg Hen in Shell,1980-12-31,469.1176877588544
20,Egg Hen in Shell,1981-12-31,472.9017854603618
21,Egg Hen in Shell,1982-12-31,486.0107648505533
22,Egg Hen in Shell,1983-12-31,508.45401040985234
23,Egg Hen in Shell,1984-12-31,524.9745593610874
24,Egg Hen in Shell,1985-12-31,528.7873737332387
25,Egg Hen in Shell,1986-12-31,541.9250697940031
26,Egg Hen in Shell,1987-12-31,573.8207087555008
27,Egg Hen in Shell,1988-12-31,599.8568893129544
28,Egg Hen in Shell,1989-12-31,613.1319067189104
29,Egg Hen in Shell,1990-12-31,635.7404138249885
30,Egg Hen in Shell,1991-12-31,667.6819000084558
31,Egg Hen in Shell,1992-12-31,693.7519581860372
32,Egg Hen in Shell,1993-12-31,707.0607606504344
33,Egg Hen in Shell,1994-12-31,733.8892343896644
34,Egg Hen in Shell,1995-12-31,770.0810616892561
35,Egg Hen in Shell,1996-12-31,800.3878597279777
36,Egg Hen in Shell,1997-12-31,818.0075154530714
37,Egg Hen in Shell,1998-12-31,844.9520528668277
38,Egg Hen in Shell,1999-12-31,922.9756113687528
39,Egg Hen in Shell,2000-12-31,995.2287480925816
40,Egg Hen in Shell,2001-12-31,1054.5975142406096
41,Egg Hen in Shell,2002-12-31,1123.307351036229
42,Egg Hen in Shell,2003-12-31,1201.350166909272
43,Egg Hen in Shell,2004-12-31,1273.646838373121
44,Egg Hen in Shell,2005-12-31,1333.0559519015883
45,Egg Hen in Shell,2006-12-31,1415.6313485523037
46,Egg Hen in Shell,2007-12-31,1507.5397242804352
47,Egg Hen in Shell,2008-12-31,1593.7157188255483
48,Egg Hen in Shell,2009-12-31,1666.96623378768
49,Egg Hen in Shell,2010-12-31,1749.541630438397
50,Egg Hen in Shell,2011-12-31,1841.450006166497
51,Egg Hen in Shell,2012-12-31,1927.626000711678
52,Egg Hen in Shell,2013-12-31,2000.8765156737281
53,Egg Hen in Shell,2014-12-31,2083.4519123244927
54,Egg Hen in Shell,2015-12-31,2175.360288052696
55,Egg Hen in Shell,2016-12-31,2261.5362825977827
56,Egg Hen in Shell,2017-12-31,2334.7867975598383
57,Egg Hen in Shell,2018-12-31,2417.3621942105897
58,Egg Hen in Shell,2019-12-31,2509.2705699387043
59,Egg Hen in Shell,2020-12-31,2595.4465644838374
60,Egg Hen in Shell,2021-12-31,2668.6970794458484
61,Egg Hen in Shell,2022-12-31,2751.2724760966544
62,Egg Hen in Shell,2023-12-31,2843.180851824827
63,Egg Hen in Shell,2024-12-31,2929.3568463700585
64,Egg Hen in Shell,2025-12-31,3002.6073613320186
65,Egg Hen in Shell,2026-12-31,3085.182757982773
66,Egg Hen in Shell,2027-12-31,3177.0911337109565
67,Egg Hen in Shell,2028-12-31,3263.2671282560764
68,Egg Hen in Shell,2029-12-31,3336.5176432180515
69,Egg Hen in Shell,2030-12-31,3419.0930398687756
70,Egg Hen in Shell,2031-12-31,3511.0014155968456
71,Egg Hen in Shell,2032-12-31,3597.177410142278
72,Egg Hen in Shell,2033-12-31,3670.4279251042717
73,Egg Hen in Shell,2034-12-31,3753.003321754905
74,Egg Hen in Shell,2035-12-31,3844.911697482961
75,Egg Hen in Shell,2036-12-31,3931.087692028367
76,Egg Hen in Shell,2037-12-31,4004.338206990331
77,Egg Hen in Shell,2038-12-31,4086.913603641077
78,Egg Hen in Shell,2039-12-31,4178.821979369186
79,Egg Hen in Shell,2040-12-31,4264.997973914387
80,Egg Hen in Shell,2041-12-31,4338.248488876307
81,Egg Hen in Shell,2042-12-31,4420.823885527131
82,Egg Hen in Shell,2043-12-31,4512.732261255328
83,Egg Hen in Shell,2044-12-31,4598.908255800474
84,Egg Hen in Shell,2045-12-31,4672.1587707624085
85,Egg Hen in Shell,2046-12-31,4754.734167413195
86,Egg Hen in Shell,2047-12-31,4846.642543141438
87,Egg Hen in Shell,2048-12-31,4932.818537686375
88,Egg Hen in Shell,2049-12-31,5006.069052648518
89,Egg Hen in Shell,2050-12-31,5088.644449299288
90,Egg Hen in Shell,2051-12-31,5180.552825027412
91,Egg Hen in Shell,2052-12-31,5266.728819572731
92,Egg Hen in Shell,2053-12-31,5339.979334534638
93,Egg Hen in Shell,2054-12-31,5422.554731185397
94,Egg Hen in Shell,2055-12-31,5514.4631069136
95,Egg Hen in Shell,2056-12-31,5600.639101458483
96,Egg Hen in Shell,2057-12-31,5673.889616420684
97,Egg Hen in Shell,2058-12-31,5756.465013071501
98,Egg Hen in Shell,2059-12-31,5848.373388799694
99,Egg Hen in Shell,2060-12-31,5934.54938334484
100,Egg Hen in Shell,2061-12-31,6007.799898306871
101,Egg Hen in Shell,2062-12-31,6090.375294957608
102,Egg Hen in Shell,2063-12-31,6182.283670685736
103,Egg Hen in Shell,2064-12-31,6268.459665230743
104,Egg Hen in Shell,2065-12-31,6341.710180192867
105,Egg Hen in Shell,2066-12-31,6424.285576843678
106,Egg Hen in Shell,2067-12-31,6516.193952571827
0,Meat Cattle,1961-12-31,111502.26961361428
1,Meat Cattle,1962-12-31,111671.44092449777
2,Meat Cattle,1963-12-31,111729.5989885146
3,Meat Cattle,1964-12-31,112034.61918688197
4,Meat Cattle,1965-12-31,112314.62385217217
5,Meat Cattle,1966-12-31,112483.79516152317
6,Meat Cattle,1967-12-31,112541.953223499
7,Meat Cattle,1968-12-31,112846.97342155164
8,Meat Cattle,1969-12-31,113126.97808813045
9,Meat Cattle,1970-12-31,113296.14939857584
10,Meat Cattle,1971-12-31,113354.30746655521
11,Meat Cattle,1972-12-31,113659.3276706277
12,Meat Cattle,1973-12-31,113939.7707233873
13,Meat Cattle,1974-12-31,114109.6527387757
14,Meat Cattle,1975-12-31,114168.52150729718
15,Meat Cattle,1976-12-31,114706.61380847436
16,Meat Cattle,1977-12-31,115219.05376754979
17,Meat Cattle,1978-12-31,115770.08810400603
18,Meat Cattle,1979-12-31,116210.10919359508
19,Meat Cattle,1980-12-31,116898.10363326635
20,Meat Cattle,1981-12-31,117560.10528200673
21,Meat Cattle,1982-12-31,118111.27357461324
22,Meat Cattle,1983-12-31,118551.42862199167
23,Meat Cattle,1984-12-31,119239.49237252974
24,Meat Cattle,1985-12-31,119901.49402394053
25,Meat Cattle,1986-12-31,120452.66231921823
26,Meat Cattle,1987-12-31,120892.75604070295
27,Meat Cattle,1988-12-31,121580.7581090734
28,Meat Cattle,1989-12-31,122242.69824581506
29,Meat Cattle,1990-12-31,122792.46623098786
30,Meat Cattle,1991-12-31,123231.22096929437
31,Meat Cattle,1992-12-31,122660.16655841064
32,Meat Cattle,1993-12-31,122066.49026092165
33,Meat Cattle,1994-12-31,121101.60703821512
34,Meat Cattle,1995-12-31,120024.47546048656
35,Meat Cattle,1996-12-31,119191.09563626102
36,Meat Cattle,1997-12-31,118335.73932086385
37,Meat Cattle,1998-12-31,117369.54964933354
38,Meat Cattle,1999-12-31,116292.34673029813
39,Meat Cattle,2000-12-31,115458.89536930992
40,Meat Cattle,2001-12-31,114603.53905294741
41,Meat Cattle,2002-12-31,113637.34938037282
42,Meat Cattle,2003-12-31,112560.14646093063
43,Meat Cattle,2004-12-31,111726.69510011777
44,Meat Cattle,2005-12-31,110871.33878425801
45,Meat Cattle,2006-12-31,109904.64871558505
46,Meat Cattle,2007-12-31,108826.94540004352
47,Meat Cattle,2008-12-31,107992.99227160131
48,Meat Cattle,2009-12-31,107137.13555905983
49,Meat Cattle,2010-12-31,106170.44549038669
50,Meat Cattle,2011-12-31,105092.74217484597
51,Meat Cattle,2012-12-31,104258.78904640253
52,Meat Cattle,2013-12-31,103402.93233386245
53,Meat Cattle,2014-12-31,102436.24226518779
54,Meat Cattle,2015-12-31,101358.53894964658
55,Meat Cattle,2016-12-31,100524.58582120432
56,Meat Cattle,2017-12-31,99668.72910866392
57,Meat Cattle,2018-12-31,98702.0390399893
58,Meat Cattle,2019-12-31,97624.33572444876
59,Meat Cattle,2020-12-31,96790.38259600631
60,Meat Cattle,2021-12-31,95934.52588346718
61,Meat Cattle,2022-12-31,94967.83581479233
62,Meat Cattle,2023-12-31,93890.13249925165
63,Meat Cattle,2024-12-31,93056.17937080655
64,Meat Cattle,2025-12-31,92200.3226582675
65,Meat Cattle,2026-12-31,91233.63258959289
66,Meat Cattle,2027-12-31,90155.92927405314
67,Meat Cattle,2028-12-31,89321.97614560975
68,Meat Cattle,2029-12-31,88466.11943306975
69,Meat Cattle,2030-12-31,87499.42936439766
70,Meat Cattle,2031-12-31,86421.72604885689
71,Meat Cattle,2032-12-31,85587.77292041079
72,Meat Cattle,2033-12-31,84731.91620787163
73,Meat Cattle,2034-12-31,83765.22613919794
74,Meat Cattle,2035-12-31,82687.52282365903
75,Meat Cattle,2036-12-31,81853.56969521275
76,Meat Cattle,2037-12-31,80997.71298267358
77,Meat Cattle,2038-12-31,80031.02291399738
78,Meat Cattle,2039-12-31,78953.31959845884
79,Meat Cattle,2040-12-31,78119.36647001476
80,Meat Cattle,2041-12-31,77263.50975747599
81,Meat Cattle,2042-12-31,76296.81968880037
82,Meat Cattle,2043-12-31,75219.11637325851
83,Meat Cattle,2044-12-31,74385.16324481643
84,Meat Cattle,2045-12-31,73529.30653227802
85,Meat Cattle,2046-12-31,72562.616463604
86,Meat Cattle,2047-12-31,71484.91314806127
87,Meat Cattle,2048-12-31,70650.96001962086
88,Meat Cattle,2049-12-31,69795.10330707958
89,Meat Cattle,2050-12-31,68828.41323840489
90,Meat Cattle,2051-12-31,67750.70992286291
91,Meat Cattle,2052-12-31,66916.75679441914
92,Meat Cattle,2053-12-31,66060.90008188055
93,Meat Cattle,2054-12-31,65094.210013207026
94,Meat Cattle,2055-12-31,64016.50669766434
95,Meat Cattle,2056-12-31,63182.55356922548
96,Meat Cattle,2057-12-31,62326.69685668265
97,Meat Cattle,2058-12-31,61360.00678800752
98,Meat Cattle,2059-12-31,60282.30347246565
99,Meat Cattle,2060-12-31,59448.35034402404
100,Meat Cattle,2061-12-31,58592.493631482925
101,Meat Cattle,2062-12-31,57625.803562809444
102,Meat Cattle,2063-12-31,56548.10024726896
103,Meat Cattle,2064-12-31,55714.14711882819
104,Meat Cattle,2065-12-31,54858.2904062862
105,Meat Cattle,2066-12-31,53891.60033761113
106,Meat Cattle,2067-12-31,52813.8970220701
0,Meat Buffalo,1961-12-31,58011.64316604711
1,Meat Buffalo,1962-12-31,58732.04142217921
2,Meat Buffalo,1963-12-31,59293.0079208068
3,Meat Buffalo,1964-12-31,60027.009423323565
4,Meat Buffalo,1965-12-31,60905.064382257835
5,Meat Buffalo,1966-12-31,61625.4626384032
6,Meat Buffalo,1967-12-31,62186.429136604376
7,Meat Buffalo,1968-12-31,62920.4306399688
8,Meat Buffalo,1969-12-31,63798.48560041099
9,Meat Buffalo,1970-12-31,64518.88385678079
10,Meat Buffalo,1971-12-31,65080.07995694214
11,Meat Buffalo,1972-12-31,65814.31169131347
12,Meat Buffalo,1973-12-31,66695.06863595133
13,Meat Buffalo,1974-12-31,67419.94779900409
14,Meat Buffalo,1975-12-31,67985.39520455226
15,Meat Buffalo,1976-12-31,69090.08275443532
16,Meat Buffalo,1977-12-31,70337.8109573257
17,Meat Buffalo,1978-12-31,71428.04170296402
18,Meat Buffalo,1979-12-31,72358.84069109426
19,Meat Buffalo,1980-12-31,73463.68792438484
20,Meat Buffalo,1981-12-31,74711.57537415007
21,Meat Buffalo,1982-12-31,75801.80611983922
22,Meat Buffalo,1983-12-31,76732.60510704052
23,Meat Buffalo,1984-12-31,77837.4523390977
24,Meat Buffalo,1985-12-31,79085.3397872402
25,Meat Buffalo,1986-12-31,80175.5705313097
26,Meat Buffalo,1987-12-31,81106.36951658933
27,Meat Buffalo,1988-12-31,82211.21674649481
28,Meat Buffalo,1989-12-31,83459.10419312865
29,Meat Buffalo,1990-12-31,84784.47058214713
30,Meat Buffalo,1991-12-31,85950.40521366498
31,Meat Buffalo,1992-12-31,87291.78362479374
32,Meat Buffalo,1993-12-31,88775.55599258425
33,Meat Buffalo,1994-12-31,90101.93801672166
34,Meat Buffalo,1995-12-31,91268.8888196218
35,Meat Buffalo,1996-12-31,92610.5348586633
36,Meat Buffalo,1997-12-31,94094.5976201875
37,Meat Buffalo,1998-12-31,95421.00367764194
38,Meat Buffalo,1999-12-31,96588.00590669904
39,Meat Buffalo,2000-12-31,97929.7035127845
40,Meat Buffalo,2001-12-31,99413.79420274548
41,Meat Buffalo,2002-12-31,100740.2281884561
42,Meat Buffalo,2003-12-31,101907.2304166574
43,Meat Buffalo,2004-12-31,103248.928019936
44,Meat Buffalo,2005-12-31,104733.01870776364
45,Meat Buffalo,2006-12-31,104995.0663882301
46,Meat Buffalo,2007-12-31,105097.68231116983
47,Meat Buffalo,2008-12-31,105372.07748428872
48,Meat Buffalo,2009-12-31,105791.78186881181
49,Meat Buffalo,2010-12-31,106053.82954927612
50,Meat Buffalo,2011-12-31,106156.44547222048
51,Meat Buffalo,2012-12-31,106430.84064533291
52,Meat Buffalo,2013-12-31,106850.54502986633
53,Meat Buffalo,2014-12-31,107112.59271031537
54,Meat Buffalo,2015-12-31,107215.20863327014
55,Meat Buffalo,2016-12-31,107489.60380638222
56,Meat Buffalo,2017-12-31,107909.30819091154
57,Meat Buffalo,2018-12-31,108171.35587136119
58,Meat Buffalo,2019-12-31,108273.97179431262
59,Meat Buffalo,2020-12-31,108548.36696742893
60,Meat Buffalo,2021-12-31,108968.07135197084
61,Meat Buffalo,2022-12-31,109230.11903241917
62,Meat Buffalo,2023-12-31,109332.73495537387
63,Meat Buffalo,2024-12-31,109607.13012846897
64,Meat Buffalo,2025-12-31,110026.83451300781
65,Meat Buffalo,2026-12-31,110288.88219345742
66,Meat Buffalo,2027-12-31,110391.49811642338
67,Meat Buffalo,2028-12-31,110665.89328952879
68,Meat Buffalo,2029-12-31,111085.59767405847
69,Meat Buffalo,2030-12-31,111347.6453545215
70,Meat Buffalo,2031-12-31,111450.26127746631
71,Meat Buffalo,2032-12-31,111724.65645057792
72,Meat Buffalo,2033-12-31,112144.36083510981
73,Meat Buffalo,2034-12-31,112406.40851555907
74,Meat Buffalo,2035-12-31,112509.02443851985
75,Meat Buffalo,2036-12-31,112783.41961162767
76,Meat Buffalo,2037-12-31,113203.12399615839
77,Meat Buffalo,2038-12-31,113465.17167659865
78,Meat Buffalo,2039-12-31,113567.78759956588
79,Meat Buffalo,2040-12-31,113842.18277267106
80,Meat Buffalo,2041-12-31,114261.88715720965
81,Meat Buffalo,2042-12-31,114523.93483765314
82,Meat Buffalo,2043-12-31,114626.55076060201
83,Meat Buffalo,2044-12-31,114900.9459337165
84,Meat Buffalo,2045-12-31,115320.65031825972
85,Meat Buffalo,2046-12-31,115582.69799871932
86,Meat Buffalo,2047-12-31,115685.31392166033
87,Meat Buffalo,2048-12-31,115959.70909478058
88,Meat Buffalo,2049-12-31,116379.41347930605
89,Meat Buffalo,2050-12-31,116641.46115975385
90,Meat Buffalo,2051-12-31,116744.07708269414
91,Meat Buffalo,2052-12-31,117018.47225580752
92,Meat Buffalo,2053-12-31,117438.17664034752
93,Meat Buffalo,2054-12-31,117700.2243208146
94,Meat Buffalo,2055-12-31,117802.8402437502
95,Meat Buffalo,2056-12-31,118077.23541688212
96,Meat Buffalo,2057-12-31,118496.93980139733
97,Meat Buffalo,2058-12-31,118758.98748184643
98,Meat Buffalo,2059-12-31,118861.60340479447
99,Meat Buffalo,2060-12-31,119135.99857791362
100,Meat Buffalo,2061-12-31,119555.70296243418
101,Meat Buffalo,2062-12-31,119817.75064290155
102,Meat Buffalo,2063-12-31,119920.3665658501
103,Meat Buffalo,2064-12-31,120194.76173897409
104,Meat Buffalo,2065-12-31,120614.4661234932
105,Meat Buffalo,2066-12-31,120876.51380394195
106,Meat Buffalo,2067-12-31,120979.12972689298
0,Meat Chicken,1961-12-31,159.87523847683613
1,Meat Chicken,1962-12-31,178.86221115431619
2,Meat Chicken,1963-12-31,194.59308302683553
3,Meat Chicken,1964-12-31,205.41279888986193
4,Meat Chicken,1965-12-31,227.65339304890253
5,Meat Chicken,1966-12-31,246.64036605182235
6,Meat Chicken,1967-12-31,262.37123770907556
7,Meat Chicken,1968-12-31,273.19095289025597
8,Meat Chicken,1969-12-31,295.43154672982786
9,Meat Chicken,1970-12-31,314.4185195525676
10,Meat Chicken,1971-12-31,330.1494252497817
11,Meat Chicken,1972-12-31,340.96917456418106
12,Meat Chicken,1973-12-31,363.2193946008644
13,Meat Chicken,1974-12-31,382.2240837464244
14,Meat Chicken,1975-12-31,397.97267208701044
15,Meat Chicken,1976-12-31,408.82195817911315
16,Meat Chicken,1977-12-31,431.0920417742457
17,Meat Chicken,1978-12-31,450.1352521744644
18,Meat Chicken,1979-12-31,465.9223617697058
19,Meat Chicken,1980-12-31,476.816562581545
20,Meat Chicken,1981-12-31,501.8074224353322
21,Meat Chicken,1982-12-31,523.544661272292
22,Meat Chicken,1983-12-31,542.0292458730341
23,Meat Chicken,1984-12-31,555.6102184167387
24,Meat Chicken,1985-12-31,580.6107420162311
25,Meat Chicken,1986-12-31,602.3576445989265
26,Meat Chicken,1987-12-31,620.8518393671824
27,Meat Chicken,1988-12-31,634.4560087944792
28,Meat Chicken,1989-12-31,659.4734487211654
29,Meat Chicken,1990-12-31,681.2486364055633
30,Meat Chicken,1991-12-31,699.7677232849933
31,Meat Chicken,1992-12-31,713.385696872454
32,Meat Chicken,1993-12-31,738.4169032429767
33,Meat Chicken,1994-12-31,760.2052521760196
34,Meat Chicken,1995-12-31,800.3271117909451
35,Meat Chicken,1996-12-31,835.6046395543517
36,Meat Chicken,1997-12-31,882.2380705015191
37,Meat Chicken,1998-12-31,925.6178804318527
38,Meat Chicken,1999-12-31,965.7416103655262
39,Meat Chicken,2000-12-31,1001.021013571819
40,Meat Chicken,2001-12-31,1047.6583327421545
41,Meat Chicken,2002-12-31,1091.043637315382
42,Meat Chicken,2003-12-31,1131.1728410836492
43,Meat Chicken,2004-12-31,1166.457736939633
44,Meat Chicken,2005-12-31,1213.096666337546
45,Meat Chicken,2006-12-31,1256.4819753312263
46,Meat Chicken,2007-12-31,1296.6111835199463
47,Meat Chicken,2008-12-31,1331.8960799902368
48,Meat Chicken,2009-12-31,1378.535010000724
49,Meat Chicken,2010-12-31,1421.9203189944042
50,Meat Chicken,2011-12-31,1462.0495271831273
51,Meat Chicken,2012-12-31,1497.334423653404
52,Meat Chicken,2013-12-31,1543.9733536639103
53,Meat Chicken,2014-12-31,1587.3586626575834
54,Meat Chicken,2015-12-31,1627.4878708462766
55,Meat Chicken,2016-12-31,1662.7727673165714
56,Meat Chicken,2017-12-31,1709.4116973270839
57,Meat Chicken,2018-12-31,1752.7970063207626
58,Meat Chicken,2019-12-31,1792.926214509482
59,Meat Chicken,2020-12-31,1828.2111109797718
60,Meat Chicken,2021-12-31,1874.8500409902813
61,Meat Chicken,2022-12-31,1918.235349983935
62,Meat Chicken,2023-12-31,1958.3645581726323
63,Meat Chicken,2024-12-31,1993.6494546429037
64,Meat Chicken,2025-12-31,2040.2883846534385
65,Meat Chicken,2026-12-31,2083.673693647117
66,Meat Chicken,2027-12-31,2123.8029018357993
67,Meat Chicken,2028-12-31,2159.087798306088
68,Meat Chicken,2029-12-31,2205.72672831665
69,Meat Chicken,2030-12-31,2249.1120373102813
70,Meat Chicken,2031-12-31,2289.2412454990326
71,Meat Chicken,2032-12-31,2324.5261419692065
72,Meat Chicken,2033-12-31,2371.1650719797267
73,Meat Chicken,2034-12-31,2414.5503809734664
74,Meat Chicken,2035-12-31,2454.6795891621964
75,Meat Chicken,2036-12-31,2489.964485632381
76,Meat Chicken,2037-12-31,2536.603415642924
77,Meat Chicken,2038-12-31,2579.988724636653
78,Meat Chicken,2039-12-31,2620.1179328253447
79,Meat Chicken,2040-12-31,2655.4028292956064
80,Meat Chicken,2041-12-31,2702.041759306172
81,Meat Chicken,2042-12-31,2745.4270682998254
82,Meat Chicken,2043-12-31,2785.556276488527
83,Meat Chicken,2044-12-31,2820.8411729587933
84,Meat Chicken,2045-12-31,2867.480102969337
85,Meat Chicken,2046-12-31,2910.865411962997
86,Meat Chicken,2047-12-31,2950.994620151684
87,Meat Chicken,2048-12-31,2986.2795166220267
88,Meat Chicken,2049-12-31,3032.918446632507
89,Meat Chicken,2050-12-31,3076.303755626177
90,Meat Chicken,2051-12-31,3116.432963814911
91,Meat Chicken,2052-12-31,3151.717860285126
92,Meat Chicken,2053-12-31,3198.356790295686
93,Meat Chicken,2054-12-31,3241.7420992893535
94,Meat Chicken,2055-12-31,3281.871307478054
95,Meat Chicken,2056-12-31,3317.1562039484056
96,Meat Chicken,2057-12-31,3363.795133958891
97,Meat Chicken,2058-12-31,3407.1804429525355
98,Meat Chicken,2059-12-31,3447.3096511412364
99,Meat Chicken,2060-12-31,3482.5945476114907
100,Meat Chicken,2061-12-31,3529.233477622039
101,Meat Chicken,2062-12-31,3572.6187866157134
102,Meat Chicken,2063-12-31,3612.7479948044147
103,Meat Chicken,2064-12-31,3648.032891274731
104,Meat Chicken,2065-12-31,3694.671821285247
105,Meat Chicken,2066-12-31,3738.05713027889
106,Meat Chicken,2067-12-31,3778.1863384676
0,Meat Goat,1961-12-31,10875.405188201816
1,Meat Goat,1962-12-31,11157.449185296067
2,Meat Goat,1963-12-31,11440.504978093386
3,Meat Goat,1964-12-31,11818.932520407718
4,Meat Goat,1965-12-31,12099.977995178031
5,Meat Goat,1966-12-31,12382.021992225076
6,Meat Goat,1967-12-31,12665.077784928477
7,Meat Goat,1968-12-31,13043.505327183251
8,Meat Goat,1969-12-31,13324.550801959256
9,Meat Goat,1970-12-31,13606.594799024686
10,Meat Goat,1971-12-31,13889.650601273275
11,Meat Goat,1972-12-31,14268.078153099348
12,Meat Goat,1973-12-31,14549.285479344082
13,Meat Goat,1974-12-31,14831.618429898272
14,Meat Goat,1975-12-31,15114.963176155557
15,Meat Goat,1976-12-31,15493.681974383817
16,Meat Goat,1977-12-31,15775.017909286866
17,Meat Goat,1978-12-31,16057.352366632807
18,Meat Goat,1979-12-31,16340.698619681865
19,Meat Goat,1980-12-31,16719.41741804305
20,Meat Goat,1981-12-31,17000.7533530599
21,Meat Goat,1982-12-31,17283.0878103661
22,Meat Goat,1983-12-31,17566.434063358178
23,Meat Goat,1984-12-31,17945.15286168311
24,Meat Goat,1985-12-31,18226.488270080215
25,Meat Goat,1986-12-31,18508.822200766583
26,Meat Goat,1987-12-31,18792.15575277859
27,Meat Goat,1988-12-31,19087.186382571184
28,Meat Goat,1989-12-31,19285.062805236477
29,Meat Goat,1990-12-31,19483.566962898083
30,Meat Goat,1991-12-31,19683.082916262796
31,Meat Goat,1992-12-31,19977.613888791217
32,Meat Goat,1993-12-31,20174.99201937621
33,Meat Goat,1994-12-31,20263.9221693761
34,Meat Goat,1995-12-31,20353.73221372154
35,Meat Goat,1996-12-31,20538.384567211848
36,Meat Goat,1997-12-31,20625.921653568214
37,Meat Goat,1998-12-31,20714.457262214048
38,Meat Goat,1999-12-31,20803.77146565087
39,Meat Goat,2000-12-31,20987.92661976457
40,Meat Goat,2001-12-31,21075.219960120507
41,Meat Goat,2002-12-31,21163.31038928523
42,Meat Goat,2003-12-31,21252.412614152905
43,Meat Goat,2004-12-31,21436.29891361455
44,Meat Goat,2005-12-31,21523.334678982734
45,Meat Goat,2006-12-31,21611.04020144871
46,Meat Goat,2007-12-31,21699.757519617786
47,Meat Goat,2008-12-31,21883.31415316135
48,Meat Goat,2009-12-31,21970.021153337962
49,Meat Goat,2010-12-31,22057.72667580394
50,Meat Goat,2011-12-31,22146.443993973087
51,Meat Goat,2012-12-31,22330.00062751658
52,Meat Goat,2013-12-31,22416.707627693195
53,Meat Goat,2014-12-31,22504.41315015919
54,Meat Goat,2015-12-31,22593.130468328178
55,Meat Goat,2016-12-31,22776.68710187186
56,Meat Goat,2017-12-31,22863.394102048416
57,Meat Goat,2018-12-31,22951.09962451439
58,Meat Goat,2019-12-31,23039.816942683443
59,Meat Goat,2020-12-31,23223.37357622698
60,Meat Goat,2021-12-31,23310.08057640362
61,Meat Goat,2022-12-31,23397.786098869718
62,Meat Goat,2023-12-31,23486.503417038803
63,Meat Goat,2024-12-31,23670.06005058231
64,Meat Goat,2025-12-31,23756.76705075887
65,Meat Goat,2026-12-31,23844.47257322484
66,Meat Goat,2027-12-31,23933.189891393995
67,Meat Goat,2028-12-31,24116.746524937626
68,Meat Goat,2029-12-31,24203.453525113888
69,Meat Goat,2030-12-31,24291.15904758052
70,Meat Goat,2031-12-31,24379.876365749435
71,Meat Goat,2032-12-31,24563.432999293098
72,Meat Goat,2033-12-31,24650.139999469848
73,Meat Goat,2034-12-31,24737.845521935567
74,Meat Goat,2035-12-31,24826.562840104703
75,Meat Goat,2036-12-31,25010.119473648352
76,Meat Goat,2037-12-31,25096.826473824935
77,Meat Goat,2038-12-31,25184.531996290334
78,Meat Goat,2039-12-31,25273.249314459703
79,Meat Goat,2040-12-31,25456.805948003344
80,Meat Goat,2041-12-31,25543.512948179716
81,Meat Goat,2042-12-31,25631.21847064575
82,Meat Goat,2043-12-31,25719.93578881469
83,Meat Goat,2044-12-31,25903.492422358504
84,Meat Goat,2045-12-31,25990.199422535046
85,Meat Goat,2046-12-31,26077.90494500105
86,Meat Goat,2047-12-31,26166.622263170022
87,Meat Goat,2048-12-31,26350.17889671367
88,Meat Goat,2049-12-31,26436.885896890304
89,Meat Goat,2050-12-31,26524.59141935635
90,Meat Goat,2051-12-31,26613.30873752522
91,Meat Goat,2052-12-31,26796.865371068998
92,Meat Goat,2053-12-31,26883.572371245446
93,Meat Goat,2054-12-31,26971.277893711365
94,Meat Goat,2055-12-31,27059.995211880414
95,Meat Goat,2056-12-31,27243.551845424085
96,Meat Goat,2057-12-31,27330.25884560051
97,Meat Goat,2058-12-31,27417.96436806662
98,Meat Goat,2059-12-31,27506.681686235584
99,Meat Goat,2060-12-31,27690.23831977951
100,Meat Goat,2061-12-31,27776.945319955812
101,Meat Goat,2062-12-31,27864.650842421714
102,Meat Goat,2063-12-31,27953.36816059098
103,Meat Goat,2064-12-31,28136.924794134615
104,Meat Goat,2065-12-31,28223.63179431095
105,Meat Goat,2066-12-31,28311.3373167771
106,Meat Goat,2067-12-31,28400.054634946137
0,Meat Pig,1961-12-31,781.0480331339816
1,Meat Pig,1962-12-31,812.1344237099795
2,Meat Pig,1963-12-31,845.78055470586
3,Meat Pig,1964-12-31,867.7653536116122
4,Meat Pig,1965-12-31,896.2903006781651
5,Meat Pig,1966-12-31,927.389471695483
6,Meat Pig,1967-12-31,961.0550592348361
7,Meat Pig,1968-12-31,983.0593678513119
8,Meat Pig,1969-12-31,1027.1049378689459
9,Meat Pig,1970-12-31,1073.7119515339891
10,Meat Pig,1971-12-31,1122.9003971738744
11,Meat Pig,1972-12-31,1160.4700922692473
12,Meat Pig,1973-12-31,1204.5491001020723
13,Meat Pig,1974-12-31,1251.196991152909
14,Meat Pig,1975-12-31,1300.404622623635
15,Meat Pig,1976-12-31,1343.2931976829545
16,Meat Pig,1977-12-31,1392.6648067605838
17,Meat Pig,1978-12-31,1444.614359074824
18,Meat Pig,1979-12-31,1499.123651808947
19,Meat Pig,1980-12-31,1542.028771593622
20,Meat Pig,1981-12-31,1591.4168803169064
21,Meat Pig,1982-12-31,1643.366432687605
22,Meat Pig,1983-12-31,1697.8757254425468
23,Meat Pig,1984-12-31,1740.7808453163034
24,Meat Pig,1985-12-31,1790.168953976966
25,Meat Pig,1986-12-31,1842.118506285037
26,Meat Pig,1987-12-31,1896.6277988766294
27,Meat Pig,1988-12-31,1939.532918556412
28,Meat Pig,1989-12-31,1988.9210270506192
29,Meat Pig,1990-12-31,2040.8704663494877
30,Meat Pig,1991-12-31,2095.3796460682415
31,Meat Pig,1992-12-31,2138.274630527487
32,Meat Pig,1993-12-31,2187.6526314930297
33,Meat Pig,1994-12-31,2239.5891090306386
34,Meat Pig,1995-12-31,2260.9510411666256
35,Meat Pig,1996-12-31,2270.617985734794
36,Meat Pig,1997-12-31,2286.843964512809
37,Meat Pig,1998-12-31,2305.6313869382284
38,Meat Pig,1999-12-31,2313.5026525293038
39,Meat Pig,2000-12-31,2309.64196982227
40,Meat Pig,2001-12-31,2299.654315987201
41,Meat Pig,2002-12-31,2254.706149669488
42,Meat Pig,2003-12-31,2212.3177237716745
43,Meat Pig,2004-12-31,2158.030429446978
44,Meat Pig,2005-12-31,2110.4916769804095
45,Meat Pig,2006-12-31,2065.514368037358
46,Meat Pig,2007-12-31,2023.0967995141532
47,Meat Pig,2008-12-31,1968.8095050651737
48,Meat Pig,2009-12-31,1921.2707524747084
49,Meat Pig,2010-12-31,1876.2934435316524
50,Meat Pig,2011-12-31,1833.8758750084403
51,Meat Pig,2012-12-31,1779.5885805594808
52,Meat Pig,2013-12-31,1732.0498279690028
53,Meat Pig,2014-12-31,1687.0725190259345
54,Meat Pig,2015-12-31,1644.654950502792
55,Meat Pig,2016-12-31,1590.3676560537792
56,Meat Pig,2017-12-31,1542.8289034633037
57,Meat Pig,2018-12-31,1497.8515945202341
58,Meat Pig,2019-12-31,1455.4340259970475
59,Meat Pig,2020-12-31,1401.1467315480772
60,Meat Pig,2021-12-31,1353.607978957596
61,Meat Pig,2022-12-31,1308.6306700145315
62,Meat Pig,2023-12-31,1266.2131014913716
63,Meat Pig,2024-12-31,1211.9258070423975
64,Meat Pig,2025-12-31,1164.3870544519018
65,Meat Pig,2026-12-31,1119.4097455088329
66,Meat Pig,2027-12-31,1076.9921769856874
67,Meat Pig,2028-12-31,1022.7048825366762
68,Meat Pig,2029-12-31,975.166129946209
69,Meat Pig,2030-12-31,930.1888210030829
70,Meat Pig,2031-12-31,887.7712524798865
71,Meat Pig,2032-12-31,833.4839580309831
72,Meat Pig,2033-12-31,785.9452054404737
73,Meat Pig,2034-12-31,740.9678964973948
74,Meat Pig,2035-12-31,698.550327974201
75,Meat Pig,2036-12-31,644.2630335252801
76,Meat Pig,2037-12-31,596.7242809347782
77,Meat Pig,2038-12-31,551.7469719917535
78,Meat Pig,2039-12-31,509.3294034685627
79,Meat Pig,2040-12-31,455.04210901957936
80,Meat Pig,2041-12-31,407.5033564290944
81,Meat Pig,2042-12-31,362.52604748603227
82,Meat Pig,2043-12-31,320.1084789628775
83,Meat Pig,2044-12-31,265.8211845138819
84,Meat Pig,2045-12-31,218.2824319233876
85,Meat Pig,2046-12-31,173.30512298034483
86,Meat Pig,2047-12-31,130.88755445719374
87,Meat Pig,2048-12-31,76.6002600081448
88,Meat Pig,2049-12-31,29.061507417686812
89,Meat Pig,2050-12-31,-15.91580152538711
90,Meat Pig,2051-12-31,-58.3333700485739
91,Meat Pig,2052-12-31,-112.62066449750728
92,Meat Pig,2053-12-31,-160.15941708800574
93,Meat Pig,2054-12-31,-205.13672603103635
94,Meat Pig,2055-12-31,-247.55429455422416
95,Meat Pig,2056-12-31,-301.84158900326986
96,Meat Pig,2057-12-31,-349.38034159370113
97,Meat Pig,2058-12-31,-394.3576505367654
98,Meat Pig,2059-12-31,-436.77521905992694
99,Meat Pig,2060-12-31,-491.0625135089268
100,Meat Pig,2061-12-31,-538.6012660993972
101,Meat Pig,2062-12-31,-583.5785750424355
102,Meat Pig,2063-12-31,-625.9961435656448
103,Meat Pig,2064-12-31,-680.2834380146589
104,Meat Pig,2065-12-31,-727.8221906051017
105,Meat Pig,2066-12-31,-772.7994995481728
106,Meat Pig,2067-12-31,-815.2170680713494
0,Meat Sheep,1961-12-31,7565.977080670757
1,Meat Sheep,1962-12-31,7634.988133478797
2,Meat Sheep,1963-12-31,7657.49326258517
3,Meat Sheep,1964-12-31,7703.950240529427
4,Meat Sheep,1965-12-31,7819.438045644767
5,Meat Sheep,1966-12-31,7888.449099776659
6,Meat Sheep,1967-12-31,7910.954231409509
7,Meat Sheep,1968-12-31,7957.411211852837
8,Meat Sheep,1969-12-31,8072.899021710643
9,Meat Sheep,1970-12-31,8141.910079295529
10,Meat Sheep,1971-12-31,8164.415250349926
11,Meat Sheep,1972-12-31,8210.872270322752
12,Meat Sheep,1973-12-31,8326.418104899385
13,Meat Sheep,1974-12-31,8395.603753622278
14,Meat Sheep,1975-12-31,8418.283478643349
15,Meat Sheep,1976-12-31,8464.973483585121
16,Meat Sheep,1977-12-31,8580.693679012067
17,Meat Sheep,1978-12-31,8650.036276764367
18,Meat Sheep,1979-12-31,8672.872950814824
19,Meat Sheep,1980-12-31,8719.71878893604
20,Meat Sheep,1981-12-31,8835.615473971697
21,Meat Sheep,1982-12-31,8905.035406734427
22,Meat Sheep,1983-12-31,8927.96478646217
23,Meat Sheep,1984-12-31,8974.847177323998
24,Meat Sheep,1985-12-31,9090.770320868609
25,Meat Sheep,1986-12-31,9160.216712140631
26,Meat Sheep,1987-12-31,9183.284371249065
27,Meat Sheep,1988-12-31,9230.338260773888
28,Meat Sheep,1989-12-31,9346.421346563837
29,Meat Sheep,1990-12-31,9416.207067006393
30,Meat Sheep,1991-12-31,9439.486863747245
31,Meat Sheep,1992-12-31,9503.43711470333
32,Meat Sheep,1993-12-31,9636.370397002062
33,Meat Sheep,1994-12-31,9723.152582165658
34,Meat Sheep,1995-12-31,9763.61448844974
35,Meat Sheep,1996-12-31,9828.077440187355
36,Meat Sheep,1997-12-31,9961.589411802555
37,Meat Sheep,1998-12-31,10048.624631144854
38,Meat Sheep,1999-12-31,10089.153926265006
39,Meat Sheep,2000-12-31,10153.684451465555
40,Meat Sheep,2001-12-31,10287.196424000125
41,Meat Sheep,2002-12-31,10374.231643410249
42,Meat Sheep,2003-12-31,10414.760939118558
43,Meat Sheep,2004-12-31,10479.291464371523
44,Meat Sheep,2005-12-31,10612.8034355188
45,Meat Sheep,2006-12-31,10699.834362680327
46,Meat Sheep,2007-12-31,10740.359366140177
47,Meat Sheep,2008-12-31,10804.885587922678
48,Meat Sheep,2009-12-31,10938.39326735678
49,Meat Sheep,2010-12-31,11025.42419451831
50,Meat Sheep,2011-12-31,11065.949197978292
51,Meat Sheep,2012-12-31,11130.475419760493
52,Meat Sheep,2013-12-31,11263.983099194926
53,Meat Sheep,2014-12-31,11351.01402635632
54,Meat Sheep,2015-12-31,11391.539029815733
55,Meat Sheep,2016-12-31,11456.06525159839
56,Meat Sheep,2017-12-31,11589.572931032828
57,Meat Sheep,2018-12-31,11676.603858194285
58,Meat Sheep,2019-12-31,11717.128861654146
59,Meat Sheep,2020-12-31,11781.65508343658
60,Meat Sheep,2021-12-31,11915.16276287113
61,Meat Sheep,2022-12-31,12002.19369003233
62,Meat Sheep,2023-12-31,12042.718693491897
63,Meat Sheep,2024-12-31,12107.244915273968
64,Meat Sheep,2025-12-31,12240.752594708794
65,Meat Sheep,2026-12-31,12327.78352187025
66,Meat Sheep,2027-12-31,12368.30852532969
67,Meat Sheep,2028-12-31,12432.834747112209
68,Meat Sheep,2029-12-31,12566.342426547064
69,Meat Sheep,2030-12-31,12653.373353708552
70,Meat Sheep,2031-12-31,12693.898357168693
71,Meat Sheep,2032-12-31,12758.424578949596
72,Meat Sheep,2033-12-31,12891.932258384333
73,Meat Sheep,2034-12-31,12978.963185546407
74,Meat Sheep,2035-12-31,13019.488189006526
75,Meat Sheep,2036-12-31,13084.014410787571
76,Meat Sheep,2037-12-31,13217.522090222472
77,Meat Sheep,2038-12-31,13304.553017384058
78,Meat Sheep,2039-12-31,13345.078020843852
79,Meat Sheep,2040-12-31,13409.604242625976
80,Meat Sheep,2041-12-31,13543.111922061034
81,Meat Sheep,2042-12-31,13630.142849222168
82,Meat Sheep,2043-12-31,13670.667852681641
83,Meat Sheep,2044-12-31,13735.194074464018
84,Meat Sheep,2045-12-31,13868.701753898951
85,Meat Sheep,2046-12-31,13955.732681060183
86,Meat Sheep,2047-12-31,13996.257684519473
87,Meat Sheep,2048-12-31,14060.783906302822
88,Meat Sheep,2049-12-31,14194.291585736848
89,Meat Sheep,2050-12-31,14281.322512898238
90,Meat Sheep,2051-12-31,14321.847516358097
91,Meat Sheep,2052-12-31,14386.373738139657
92,Meat Sheep,2053-12-31,14519.881417574741
93,Meat Sheep,2054-12-31,14606.91234473604
94,Meat Sheep,2055-12-31,14647.437348195566
95,Meat Sheep,2056-12-31,14711.96356997911
96,Meat Sheep,2057-12-31,14845.471249412945
97,Meat Sheep,2058-12-31,14932.502176574064
98,Meat Sheep,2059-12-31,14973.027180033558
99,Meat Sheep,2060-12-31,15037.553401815876
100,Meat Sheep,2061-12-31,15171.06108125054
101,Meat Sheep,2062-12-31,15258.092008411935
102,Meat Sheep,2063-12-31,15298.617011871735
103,Meat Sheep,2064-12-31,15363.143233654711
104,Meat Sheep,2065-12-31,15496.65091308891
105,Meat Sheep,2066-12-31,15583.681840250047
106,Meat Sheep,2067-12-31,15624.20684370974
0,Milk Whole Fresh Buffalo,1961-12-31,18564.82796543837
1,Milk Whole Fresh Buffalo,1962-12-31,18771.348529023013
2,Milk Whole Fresh Buffalo,1963-12-31,18963.757225056488
3,Milk Whole Fresh Buffalo,1964-12-31,19251.855918678197
4,Milk Whole Fresh Buffalo,1965-12-31,19473.5264817852
5,Milk Whole Fresh Buffalo,1966-12-31,19680.047132827014
6,Milk Whole Fresh Buffalo,1967-12-31,19872.555118916476
7,Milk Whole Fresh Buffalo,1968-12-31,20160.753374788124
8,Milk Whole Fresh Buffalo,1969-12-31,20700.04983557426
9,Milk Whole Fresh Buffalo,1970-12-31,21224.19629667151
10,Milk Whole Fresh Buffalo,1971-12-31,21734.873510770165
11,Milk Whole Fresh Buffalo,1972-12-31,22342.11269116574
12,Milk Whole Fresh Buffalo,1973-12-31,22882.0679144176
13,Milk Whole Fresh Buffalo,1974-12-31,23407.60323639237
14,Milk Whole Fresh Buffalo,1975-12-31,23919.026690815695
15,Milk Whole Fresh Buffalo,1976-12-31,24528.011996638394
16,Milk Whole Fresh Buffalo,1977-12-31,25069.692432569766
17,Milk Whole Fresh Buffalo,1978-12-31,25730.56635841781
18,Milk Whole Fresh Buffalo,1979-12-31,26377.32841671657
19,Milk Whole Fresh Buffalo,1980-12-31,27593.510382889748
20,Milk Whole Fresh Buffalo,1981-12-31,28741.348438775065
21,Milk Whole Fresh Buffalo,1982-12-31,29874.036494973574
22,Milk Whole Fresh Buffalo,1983-12-31,30992.612683246633
23,Milk Whole Fresh Buffalo,1984-12-31,32209.416314460454
24,Milk Whole Fresh Buffalo,1985-12-31,33357.25436902442
25,Milk Whole Fresh Buffalo,1986-12-31,34489.94242390042
26,Milk Whole Fresh Buffalo,1987-12-31,35608.51859674519
27,Milk Whole Fresh Buffalo,1988-12-31,36825.188561495386
28,Milk Whole Fresh Buffalo,1989-12-31,37972.89331575321
29,Milk Whole Fresh Buffalo,1990-12-31,38660.01946190539
30,Milk Whole Fresh Buffalo,1991-12-31,39333.033740504005
31,Milk Whole Fresh Buffalo,1992-12-31,40101.6104319974
32,Milk Whole Fresh Buffalo,1993-12-31,40802.44621156328
33,Milk Whole Fresh Buffalo,1994-12-31,41488.13199121744
34,Milk Whole Fresh Buffalo,1995-12-31,42159.70590389106
35,Milk Whole Fresh Buffalo,1996-12-31,42928.2825957312
36,Milk Whole Fresh Buffalo,1997-12-31,43629.11837667959
37,Milk Whole Fresh Buffalo,1998-12-31,44314.8041579375
38,Milk Whole Fresh Buffalo,1999-12-31,44986.569867258484
39,Milk Whole Fresh Buffalo,2000-12-31,45755.33888122048
40,Milk Whole Fresh Buffalo,2001-12-31,46456.84376510022
41,Milk Whole Fresh Buffalo,2002-12-31,47143.60212253724
42,Milk Whole Fresh Buffalo,2003-12-31,47816.24861242552
43,Milk Whole Fresh Buffalo,2004-12-31,49118.1335593088
44,Milk Whole Fresh Buffalo,2005-12-31,50350.82046788705
45,Milk Whole Fresh Buffalo,2006-12-31,51568.73115533184
46,Milk Whole Fresh Buffalo,2007-12-31,52772.5299752391
47,Milk Whole Fresh Buffalo,2008-12-31,54074.78972473769
48,Milk Whole Fresh Buffalo,2009-12-31,55307.8504118803
49,Milk Whole Fresh Buffalo,2010-12-31,56525.761099326395
50,Milk Whole Fresh Buffalo,2011-12-31,57729.55991923124
51,Milk Whole Fresh Buffalo,2012-12-31,59031.81966873295
52,Milk Whole Fresh Buffalo,2013-12-31,60264.88035586999
53,Milk Whole Fresh Buffalo,2014-12-31,61482.791043325175
54,Milk Whole Fresh Buffalo,2015-12-31,62686.58986322202
55,Milk Whole Fresh Buffalo,2016-12-31,63988.849612725346
56,Milk Whole Fresh Buffalo,2017-12-31,65221.910299864845
57,Milk Whole Fresh Buffalo,2018-12-31,66439.82098731975
58,Milk Whole Fresh Buffalo,2019-12-31,67643.6198072198
59,Milk Whole Fresh Buffalo,2020-12-31,68945.87955671984
60,Milk Whole Fresh Buffalo,2021-12-31,70178.94024385196
61,Milk Whole Fresh Buffalo,2022-12-31,71396.85093130729
62,Milk Whole Fresh Buffalo,2023-12-31,72600.6497512047
63,Milk Whole Fresh Buffalo,2024-12-31,73902.90950071682
64,Milk Whole Fresh Buffalo,2025-12-31,75135.97018785132
65,Milk Whole Fresh Buffalo,2026-12-31,76353.88087530623
66,Milk Whole Fresh Buffalo,2027-12-31,77557.67969519662
67,Milk Whole Fresh Buffalo,2028-12-31,78859.93944470354
68,Milk Whole Fresh Buffalo,2029-12-31,80093.00013184341
69,Milk Whole Fresh Buffalo,2030-12-31,81310.91081929117
70,Milk Whole Fresh Buffalo,2031-12-31,82514.70963919579
71,Milk Whole Fresh Buffalo,2032-12-31,83816.96938869507
72,Milk Whole Fresh Buffalo,2033-12-31,85050.03007583402
73,Milk Whole Fresh Buffalo,2034-12-31,86267.9407632903
74,Milk Whole Fresh Buffalo,2035-12-31,87471.73958318545
75,Milk Whole Fresh Buffalo,2036-12-31,88773.99933268735
76,Milk Whole Fresh Buffalo,2037-12-31,90007.06001982717
77,Milk Whole Fresh Buffalo,2038-12-31,91224.97070728726
78,Milk Whole Fresh Buffalo,2039-12-31,92428.76952717802
79,Milk Whole Fresh Buffalo,2040-12-31,93731.0292766842
80,Milk Whole Fresh Buffalo,2041-12-31,94964.0899638192
81,Milk Whole Fresh Buffalo,2042-12-31,96182.00065127721
82,Milk Whole Fresh Buffalo,2043-12-31,97385.79947117771
83,Milk Whole Fresh Buffalo,2044-12-31,98688.05922067916
84,Milk Whole Fresh Buffalo,2045-12-31,99921.11990781124
85,Milk Whole Fresh Buffalo,2046-12-31,101139.03059525962
86,Milk Whole Fresh Buffalo,2047-12-31,102342.82941516457
87,Milk Whole Fresh Buffalo,2048-12-31,103645.08916466447
88,Milk Whole Fresh Buffalo,2049-12-31,104878.14985180546
89,Milk Whole Fresh Buffalo,2050-12-31,106096.06053926144
90,Milk Whole Fresh Buffalo,2051-12-31,107299.85935916803
91,Milk Whole Fresh Buffalo,2052-12-31,108602.11910866818
92,Milk Whole Fresh Buffalo,2053-12-31,109835.17979580245
93,Milk Whole Fresh Buffalo,2054-12-31,111053.09048324623
94,Milk Whole Fresh Buffalo,2055-12-31,112256.88930315519
95,Milk Whole Fresh Buffalo,2056-12-31,113559.1490526484
96,Milk Whole Fresh Buffalo,2057-12-31,114792.20973979497
97,Milk Whole Fresh Buffalo,2058-12-31,116010.12042724958
98,Milk Whole Fresh Buffalo,2059-12-31,117213.91924715067
99,Milk Whole Fresh Buffalo,2060-12-31,118516.17899664928
100,Milk Whole Fresh Buffalo,2061-12-31,119749.23968379432
101,Milk Whole Fresh Buffalo,2062-12-31,120967.15037123808
102,Milk Whole Fresh Buffalo,2063-12-31,122170.94919114008
103,Milk Whole Fresh Buffalo,2064-12-31,123473.20894063676
104,Milk Whole Fresh Buffalo,2065-12-31,124706.26962778167
105,Milk Whole Fresh Buffalo,2066-12-31,125924.18031523656
106,Milk Whole Fresh Buffalo,2067-12-31,127127.97913513643
0,Milk Whole Fresh Cow,1961-12-31,27821.26896526949
1,Milk Whole Fresh Cow,1962-12-31,28449.99424267516
2,Milk Whole Fresh Cow,1963-12-31,29274.760828008024
3,Milk Whole Fresh Cow,1964-12-31,30127.303581566284
4,Milk Whole Fresh Cow,1965-12-31,30560.232986873765
5,Milk Whole Fresh Cow,1966-12-31,31189.1373389456
6,Milk Whole Fresh Cow,1967-12-31,32014.083033440176
7,Milk Whole Fresh Cow,1968-12-31,32866.80538805753
8,Milk Whole Fresh Cow,1969-12-31,33300.15481754803
9,Milk Whole Fresh Cow,1970-12-31,33929.300117951876
10,Milk Whole Fresh Cow,1971-12-31,34755.35105343713
11,Milk Whole Fresh Cow,1972-12-31,35609.18167710287
12,Milk Whole Fresh Cow,1973-12-31,36044.801944554296
13,Milk Whole Fresh Cow,1974-12-31,36794.17538844603
14,Milk Whole Fresh Cow,1975-12-31,37739.5901402656
15,Milk Whole Fresh Cow,1976-12-31,38713.18802116833
16,Milk Whole Fresh Cow,1977-12-31,39266.84180210681
17,Milk Whole Fresh Cow,1978-12-31,40016.48192262693
18,Milk Whole Fresh Cow,1979-12-31,40962.16335107529
19,Milk Whole Fresh Cow,1980-12-31,41935.95222108207
20,Milk Whole Fresh Cow,1981-12-31,42489.79647018941
21,Milk Whole Fresh Cow,1982-12-31,43239.436590210316
22,Milk Whole Fresh Cow,1983-12-31,44185.11801641468
23,Milk Whole Fresh Cow,1984-12-31,45158.906885568234
24,Milk Whole Fresh Cow,1985-12-31,45712.751133448044
25,Milk Whole Fresh Cow,1986-12-31,46462.39125223977
26,Milk Whole Fresh Cow,1987-12-31,47407.29729726752
27,Milk Whole Fresh Cow,1988-12-31,48380.174880267514
28,Milk Whole Fresh Cow,1989-12-31,48933.1103313295
29,Milk Whole Fresh Cow,1990-12-31,49681.83320870022
30,Milk Whole Fresh Cow,1991-12-31,50626.59739399812
31,Milk Whole Fresh Cow,1992-12-31,51599.30866220723
32,Milk Whole Fresh Cow,1993-12-31,52152.07825289304
33,Milk Whole Fresh Cow,1994-12-31,52900.64371377341
34,Milk Whole Fresh Cow,1995-12-31,53845.250480241135
35,Milk Whole Fresh Cow,1996-12-31,54817.96174538392
36,Milk Whole Fresh Cow,1997-12-31,55370.731333630734
37,Milk Whole Fresh Cow,1998-12-31,56119.29679279069
38,Milk Whole Fresh Cow,1999-12-31,57063.9035627161
39,Milk Whole Fresh Cow,2000-12-31,58036.614831327184
40,Milk Whole Fresh Cow,2001-12-31,58589.402403915425
41,Milk Whole Fresh Cow,2002-12-31,59338.67015631958
42,Milk Whole Fresh Cow,2003-12-31,60283.97921665171
43,Milk Whole Fresh Cow,2004-12-31,62003.982807656736
44,Milk Whole Fresh Cow,2005-12-31,63302.00293883385
45,Milk Whole Fresh Cow,2006-12-31,64798.14372310643
46,Milk Whole Fresh Cow,2007-12-31,66490.32581530756
47,Milk Whole Fresh Cow,2008-12-31,68212.66055775991
48,Milk Whole Fresh Cow,2009-12-31,69513.00547112156
49,Milk Whole Fresh Cow,2010-12-31,71009.14625539424
50,Milk Whole Fresh Cow,2011-12-31,72701.32834759471
51,Milk Whole Fresh Cow,2012-12-31,74423.66309004858
52,Milk Whole Fresh Cow,2013-12-31,75724.00800340822
53,Milk Whole Fresh Cow,2014-12-31,77220.14878768234
54,Milk Whole Fresh Cow,2015-12-31,78912.33087988432
55,Milk Whole Fresh Cow,2016-12-31,80634.6656223366
56,Milk Whole Fresh Cow,2017-12-31,81935.01053569638
57,Milk Whole Fresh Cow,2018-12-31,83431.15131997025
58,Milk Whole Fresh Cow,2019-12-31,85123.33341217061
59,Milk Whole Fresh Cow,2020-12-31,86845.66815462349
60,Milk Whole Fresh Cow,2021-12-31,88146.01306798209
61,Milk Whole Fresh Cow,2022-12-31,89642.15385225722
62,Milk Whole Fresh Cow,2023-12-31,91334.3359444588
63,Milk Whole Fresh Cow,2024-12-31,93056.67068691427
64,Milk Whole Fresh Cow,2025-12-31,94357.01560027178
65,Milk Whole Fresh Cow,2026-12-31,95853.15638454565
66,Milk Whole Fresh Cow,2027-12-31,97545.3384767471
67,Milk Whole Fresh Cow,2028-12-31,99267.67321920021
68,Milk Whole Fresh Cow,2029-12-31,100568.01813255792
69,Milk Whole Fresh Cow,2030-12-31,102064.15891683177
70,Milk Whole Fresh Cow,2031-12-31,103756.34100903127
71,Milk Whole Fresh Cow,2032-12-31,105478.67575149052
72,Milk Whole Fresh Cow,2033-12-31,106779.02066484929
73,Milk Whole Fresh Cow,2034-12-31,108275.16144912029
74,Milk Whole Fresh Cow,2035-12-31,109967.34354131935
75,Milk Whole Fresh Cow,2036-12-31,111689.67828377816
76,Milk Whole Fresh Cow,2037-12-31,112990.02319713612
77,Milk Whole Fresh Cow,2038-12-31,114486.16398140926
78,Milk Whole Fresh Cow,2039-12-31,116178.34607360947
79,Milk Whole Fresh Cow,2040-12-31,117900.68081606424
80,Milk Whole Fresh Cow,2041-12-31,119201.02572942068
81,Milk Whole Fresh Cow,2042-12-31,120697.16651369628
82,Milk Whole Fresh Cow,2043-12-31,122389.34860589821
83,Milk Whole Fresh Cow,2044-12-31,124111.68334835186
84,Milk Whole Fresh Cow,2045-12-31,125412.02826170869
85,Milk Whole Fresh Cow,2046-12-31,126908.16904598294
86,Milk Whole Fresh Cow,2047-12-31,128600.35113818618
87,Milk Whole Fresh Cow,2048-12-31,130322.68588063499
88,Milk Whole Fresh Cow,2049-12-31,131623.03079399685
89,Milk Whole Fresh Cow,2050-12-31,133119.17157827123
90,Milk Whole Fresh Cow,2051-12-31,134811.35367047187
91,Milk Whole Fresh Cow,2052-12-31,136533.688412929
92,Milk Whole Fresh Cow,2053-12-31,137834.03332628528
93,Milk Whole Fresh Cow,2054-12-31,139330.17411055864
94,Milk Whole Fresh Cow,2055-12-31,141022.35620276126
95,Milk Whole Fresh Cow,2056-12-31,142744.6909452087
96,Milk Whole Fresh Cow,2057-12-31,144045.03585857173
97,Milk Whole Fresh Cow,2058-12-31,145541.17664284716
98,Milk Whole Fresh Cow,2059-12-31,147233.358735049
99,Milk Whole Fresh Cow,2060-12-31,148955.69347750273
100,Milk Whole Fresh Cow,2061-12-31,150256.0383908619
101,Milk Whole Fresh Cow,2062-12-31,151752.1791751347
102,Milk Whole Fresh Cow,2063-12-31,153444.36126733577
103,Milk Whole Fresh Cow,2064-12-31,155166.69600978598
104,Milk Whole Fresh Cow,2065-12-31,156467.04092314714
105,Milk Whole Fresh Cow,2066-12-31,157963.18170742254
106,Milk Whole Fresh Cow,2067-12-31,159655.3637996236
