,Item,ds,yhat1
0,Cereals Exc Rice,1961-01-01,4556.9912109375
1,Cereals Exc Rice,1962-01-01,4986.369140625
2,Cereals Exc Rice,1963-01-01,5425.7109375
3,Cereals Exc Rice,1964-01-01,5875.0634765625
4,Cereals Exc Rice,1965-01-01,6220.58837890625
5,Cereals Exc Rice,1966-01-01,6629.0380859375
6,Cereals Exc Rice,1967-01-01,7018.2880859375
7,Cereals Exc Rice,1968-01-01,7417.546875
8,Cereals Exc Rice,1969-01-01,7712.84375
9,Cereals Exc Rice,1970-01-01,8092.126953125
10,Cereals Exc Rice,1971-01-01,8409.162109375
11,Cereals Exc Rice,1972-01-01,8721.9990234375
12,Cereals Exc Rice,1973-01-01,8930.6337890625
13,Cereals Exc Rice,1974-01-01,9223.494140625
14,Cereals Exc Rice,1975-01-01,9631.087890625
15,Cereals Exc Rice,1976-01-01,10357.44921875
16,Cereals Exc Rice,1977-01-01,10980.7431640625
17,Cereals Exc Rice,1978-01-01,11687.130859375
18,Cereals Exc Rice,1979-01-01,12403.4814453125
19,Cereals Exc Rice,1980-01-01,13057.544921875
20,Cereals Exc Rice,1981-01-01,13572.8193359375
21,Cereals Exc Rice,1982-01-01,14171.4794921875
22,Cereals Exc Rice,1983-01-01,14780.1044921875
23,Cereals Exc Rice,1984-01-01,15413.2431640625
24,Cereals Exc Rice,1985-01-01,16092.0673828125
25,Cereals Exc Rice,1986-01-01,16853.830078125
26,Cereals Exc Rice,1987-01-01,17625.55859375
27,Cereals Exc Rice,1988-01-01,18407.296875
28,Cereals Exc Rice,1989-01-01,19210.626953125
29,Cereals Exc Rice,1990-01-01,20216.791015625
30,Cereals Exc Rice,1991-01-01,21232.91796875
31,Cereals Exc Rice,1992-01-01,22259.05859375
32,Cereals Exc Rice,1993-01-01,23182.951171875
33,Cereals Exc Rice,1994-01-01,24008.29296875
34,Cereals Exc Rice,1995-01-01,24829.41015625
35,Cereals Exc Rice,1996-01-01,25660.53515625
36,Cereals Exc Rice,1997-01-01,26388.87890625
37,Cereals Exc Rice,1998-01-01,27018.826171875
38,Cereals Exc Rice,1999-01-01,27314.724609375
39,Cereals Exc Rice,2000-01-01,27620.6328125
40,Cereals Exc Rice,2001-01-01,27822.3203125
41,Cereals Exc Rice,2002-01-01,28108.25390625
42,Cereals Exc Rice,2003-01-01,28930.70703125
43,Cereals Exc Rice,2004-01-01,29926.9140625
44,Cereals Exc Rice,2005-01-01,30820.79296875
45,Cereals Exc Rice,2006-01-01,31797.025390625
46,Cereals Exc Rice,2007-01-01,32759.646484375
47,Cereals Exc Rice,2008-01-01,33625.296875
48,Cereals Exc Rice,2009-01-01,34388.2578125
49,Cereals Exc Rice,2010-01-01,35233.93359375
50,Cereals Exc Rice,2011-01-01,36089.57421875
51,Cereals Exc Rice,2012-01-01,36955.22265625
52,Cereals Exc Rice,2013-01-01,37718.1875
53,Cereals Exc Rice,2014-01-01,38563.86328125
54,Cereals Exc Rice,2015-01-01,39419.5
55,Cereals Exc Rice,2016-01-01,40285.15234375
56,Cereals Exc Rice,2017-01-01,41048.11328125
57,Cereals Exc Rice,2018-01-01,41893.796875
58,Cereals Exc Rice,2019-01-01,42749.42578125
59,Cereals Exc Rice,2020-01-01,43615.08203125
60,Cereals Exc Rice,2021-01-01,44378.0390625
61,Cereals Exc Rice,2022-01-01,45223.71484375
62,Cereals Exc Rice,2023-01-01,46079.35546875
63,Cereals Exc Rice,2024-01-01,46945.0
64,Cereals Exc Rice,2025-01-01,47707.96875
65,Cereals Exc Rice,2026-01-01,48553.65234375
66,Cereals Exc Rice,2027-01-01,49409.28125
67,Cereals Exc Rice,2028-01-01,50274.9375
68,Cereals Exc Rice,2029-01-01,51037.89453125
69,Cereals Exc Rice,2030-01-01,51883.578125
70,Cereals Exc Rice,2031-01-01,52739.2109375
71,Cereals Exc Rice,2032-01-01,53604.86328125
72,Cereals Exc Rice,2033-01-01,54367.82421875
73,Cereals Exc Rice,2034-01-01,55213.5
74,Cereals Exc Rice,2035-01-01,56069.13671875
75,Cereals Exc Rice,2036-01-01,56934.78515625
76,Cereals Exc Rice,2037-01-01,57697.75
77,Cereals Exc Rice,2038-01-01,58543.41796875
78,Cereals Exc Rice,2039-01-01,59399.06640625
79,Cereals Exc Rice,2040-01-01,60264.71875
80,Cereals Exc Rice,2041-01-01,61027.6796875
81,Cereals Exc Rice,2042-01-01,61873.34765625
82,Cereals Exc Rice,2043-01-01,62728.99609375
83,Cereals Exc Rice,2044-01-01,63594.640625
84,Cereals Exc Rice,2045-01-01,64357.59765625
85,Cereals Exc Rice,2046-01-01,65203.2734375
86,Cereals Exc Rice,2047-01-01,66058.9140625
87,Cereals Exc Rice,2048-01-01,66924.5625
88,Cereals Exc Rice,2049-01-01,67687.53125
89,Cereals Exc Rice,2050-01-01,68533.203125
90,Cereals Exc Rice,2051-01-01,69388.84375
91,Cereals Exc Rice,2052-01-01,70254.5
92,Cereals Exc Rice,2053-01-01,71017.46875
93,Cereals Exc Rice,2054-01-01,71863.125
94,Cereals Exc Rice,2055-01-01,72718.78125
95,Cereals Exc Rice,2056-01-01,73584.421875
96,Cereals Exc Rice,2057-01-01,74347.375
97,Cereals Exc Rice,2058-01-01,75193.0625
98,Cereals Exc Rice,2059-01-01,76048.703125
99,Cereals Exc Rice,2060-01-01,76914.34375
100,Cereals Exc Rice,2061-01-01,77677.3125
101,Cereals Exc Rice,2062-01-01,78522.984375
102,Cereals Exc Rice,2063-01-01,79378.625
103,Cereals Exc Rice,2064-01-01,80244.28125
104,Cereals Exc Rice,2065-01-01,81007.234375
105,Cereals Exc Rice,2066-01-01,81852.90625
106,Cereals Exc Rice,2067-01-01,82708.546875
0,Egg Hen in Shell,1961-01-01,198.44192504882812
1,Egg Hen in Shell,1962-01-01,210.63995361328125
2,Egg Hen in Shell,1963-01-01,222.3419189453125
3,Egg Hen in Shell,1964-01-01,233.54830932617188
4,Egg Hen in Shell,1965-01-01,228.91650390625
5,Egg Hen in Shell,1966-01-01,245.13912963867188
6,Egg Hen in Shell,1967-01-01,266.4743957519531
7,Egg Hen in Shell,1968-01-01,287.3140869140625
8,Egg Hen in Shell,1969-01-01,292.34197998046875
9,Egg Hen in Shell,1970-01-01,314.17315673828125
10,Egg Hen in Shell,1971-01-01,346.4616394042969
11,Egg Hen in Shell,1972-01-01,380.4102783203125
12,Egg Hen in Shell,1973-01-01,398.58282470703125
13,Egg Hen in Shell,1974-01-01,433.5228576660156
14,Egg Hen in Shell,1975-01-01,458.81646728515625
15,Egg Hen in Shell,1976-01-01,456.64697265625
16,Egg Hen in Shell,1977-01-01,438.6026306152344
17,Egg Hen in Shell,1978-01-01,437.4247741699219
18,Egg Hen in Shell,1979-01-01,435.7508544921875
19,Egg Hen in Shell,1980-01-01,448.73492431640625
20,Egg Hen in Shell,1981-01-01,453.3314208984375
21,Egg Hen in Shell,1982-01-01,474.7325439453125
22,Egg Hen in Shell,1983-01-01,495.6374816894531
23,Egg Hen in Shell,1984-01-01,515.8886108398438
24,Egg Hen in Shell,1985-01-01,518.6990356445312
25,Egg Hen in Shell,1986-01-01,538.3189697265625
26,Egg Hen in Shell,1987-01-01,557.4427490234375
27,Egg Hen in Shell,1988-01-01,576.0711059570312
28,Egg Hen in Shell,1989-01-01,587.7681884765625
29,Egg Hen in Shell,1990-01-01,624.831787109375
30,Egg Hen in Shell,1991-01-01,661.399658203125
31,Egg Hen in Shell,1992-01-01,697.4718017578125
32,Egg Hen in Shell,1993-01-01,717.7740478515625
33,Egg Hen in Shell,1994-01-01,743.5739135742188
34,Egg Hen in Shell,1995-01-01,767.99365234375
35,Egg Hen in Shell,1996-01-01,791.91796875
36,Egg Hen in Shell,1997-01-01,800.0388793945312
37,Egg Hen in Shell,1998-01-01,843.8807373046875
38,Egg Hen in Shell,1999-01-01,923.1578979492188
39,Egg Hen in Shell,2000-01-01,1001.9393310546875
40,Egg Hen in Shell,2001-01-01,1065.06787109375
41,Egg Hen in Shell,2002-01-01,1144.8408203125
42,Egg Hen in Shell,2003-01-01,1213.81298828125
43,Egg Hen in Shell,2004-01-01,1279.084716796875
44,Egg Hen in Shell,2005-01-01,1328.6663818359375
45,Egg Hen in Shell,2006-01-01,1394.929443359375
46,Egg Hen in Shell,2007-01-01,1466.010009765625
47,Egg Hen in Shell,2008-01-01,1560.7060546875
48,Egg Hen in Shell,2009-01-01,1639.7926025390625
49,Egg Hen in Shell,2010-01-01,1735.479736328125
50,Egg Hen in Shell,2011-01-01,1830.671142578125
51,Egg Hen in Shell,2012-01-01,1925.3671875
52,Egg Hen in Shell,2013-01-01,2004.453369140625
53,Egg Hen in Shell,2014-01-01,2100.140869140625
54,Egg Hen in Shell,2015-01-01,2195.33251953125
55,Egg Hen in Shell,2016-01-01,2290.0283203125
56,Egg Hen in Shell,2017-01-01,2369.114501953125
57,Egg Hen in Shell,2018-01-01,2464.80224609375
58,Egg Hen in Shell,2019-01-01,2559.992919921875
59,Egg Hen in Shell,2020-01-01,2654.68896484375
60,Egg Hen in Shell,2021-01-01,2733.775146484375
61,Egg Hen in Shell,2022-01-01,2829.462890625
62,Egg Hen in Shell,2023-01-01,2924.654052734375
63,Egg Hen in Shell,2024-01-01,3019.350341796875
64,Egg Hen in Shell,2025-01-01,3098.436767578125
65,Egg Hen in Shell,2026-01-01,3194.12451171875
66,Egg Hen in Shell,2027-01-01,3289.315673828125
67,Egg Hen in Shell,2028-01-01,3384.011474609375
68,Egg Hen in Shell,2029-01-01,3463.097900390625
69,Egg Hen in Shell,2030-01-01,3558.78515625
70,Egg Hen in Shell,2031-01-01,3653.9765625
71,Egg Hen in Shell,2032-01-01,3748.672607421875
72,Egg Hen in Shell,2033-01-01,3827.758544921875
73,Egg Hen in Shell,2034-01-01,3923.4462890625
74,Egg Hen in Shell,2035-01-01,4018.63720703125
75,Egg Hen in Shell,2036-01-01,4113.3330078125
76,Egg Hen in Shell,2037-01-01,4192.4189453125
77,Egg Hen in Shell,2038-01-01,4288.107421875
78,Egg Hen in Shell,2039-01-01,4383.298828125
79,Egg Hen in Shell,2040-01-01,4477.9951171875
80,Egg Hen in Shell,2041-01-01,4557.0810546875
81,Egg Hen in Shell,2042-01-01,4652.7685546875
82,Egg Hen in Shell,2043-01-01,4747.9599609375
83,Egg Hen in Shell,2044-01-01,4842.65576171875
84,Egg Hen in Shell,2045-01-01,4921.7421875
85,Egg Hen in Shell,2046-01-01,5017.4296875
86,Egg Hen in Shell,2047-01-01,5112.62060546875
87,Egg Hen in Shell,2048-01-01,5207.31689453125
88,Egg Hen in Shell,2049-01-01,5286.40283203125
89,Egg Hen in Shell,2050-01-01,5382.0908203125
90,Egg Hen in Shell,2051-01-01,5477.28125
91,Egg Hen in Shell,2052-01-01,5571.97802734375
92,Egg Hen in Shell,2053-01-01,5651.064453125
93,Egg Hen in Shell,2054-01-01,5746.751953125
94,Egg Hen in Shell,2055-01-01,5841.943359375
95,Egg Hen in Shell,2056-01-01,5936.63916015625
96,Egg Hen in Shell,2057-01-01,6015.7255859375
97,Egg Hen in Shell,2058-01-01,6111.4130859375
98,Egg Hen in Shell,2059-01-01,6206.603515625
99,Egg Hen in Shell,2060-01-01,6301.30029296875
100,Egg Hen in Shell,2061-01-01,6380.3857421875
101,Egg Hen in Shell,2062-01-01,6476.07421875
102,Egg Hen in Shell,2063-01-01,6571.26513671875
103,Egg Hen in Shell,2064-01-01,6665.96044921875
104,Egg Hen in Shell,2065-01-01,6745.046875
105,Egg Hen in Shell,2066-01-01,6840.734375
106,Egg Hen in Shell,2067-01-01,6935.92626953125
0,Meat Cattle,1961-01-01,111674.8828125
1,Meat Cattle,1962-01-01,112024.6796875
2,Meat Cattle,1963-01-01,112377.7734375
3,Meat Cattle,1964-01-01,112734.109375
4,Meat Cattle,1965-01-01,113226.265625
5,Meat Cattle,1966-01-01,113370.8359375
6,Meat Cattle,1967-01-01,113232.71875
7,Meat Cattle,1968-01-01,113097.84375
8,Meat Cattle,1969-01-01,113097.4375
9,Meat Cattle,1970-01-01,112956.015625
10,Meat Cattle,1971-01-01,112902.9140625
11,Meat Cattle,1972-01-01,112869.78125
12,Meat Cattle,1973-01-01,112971.40625
13,Meat Cattle,1974-01-01,112931.734375
14,Meat Cattle,1975-01-01,112996.578125
15,Meat Cattle,1976-01-01,113362.984375
16,Meat Cattle,1977-01-01,113865.2265625
17,Meat Cattle,1978-01-01,114225.09375
18,Meat Cattle,1979-01-01,114588.25
19,Meat Cattle,1980-01-01,115508.3515625
20,Meat Cattle,1981-01-01,116837.875
21,Meat Cattle,1982-01-01,118022.75
22,Meat Cattle,1983-01-01,119210.9296875
23,Meat Cattle,1984-01-01,120345.390625
24,Meat Cattle,1985-01-01,121032.5546875
25,Meat Cattle,1986-01-01,121576.828125
26,Meat Cattle,1987-01-01,122124.40625
27,Meat Cattle,1988-01-01,122675.21875
28,Meat Cattle,1989-01-01,123121.71875
29,Meat Cattle,1990-01-01,123193.5859375
30,Meat Cattle,1991-01-01,123268.75
31,Meat Cattle,1992-01-01,123347.1484375
32,Meat Cattle,1993-01-01,123560.609375
33,Meat Cattle,1994-01-01,122402.6015625
34,Meat Cattle,1995-01-01,121151.359375
35,Meat Cattle,1996-01-01,119903.359375
36,Meat Cattle,1997-01-01,118786.78125
37,Meat Cattle,1998-01-01,117227.65625
38,Meat Cattle,1999-01-01,115093.5859375
39,Meat Cattle,2000-01-01,112962.7578125
40,Meat Cattle,2001-01-01,110960.9375
41,Meat Cattle,2002-01-01,108823.5703125
42,Meat Cattle,2003-01-01,109266.40625
43,Meat Cattle,2004-01-01,110513.84375
44,Meat Cattle,2005-01-01,111899.53125
45,Meat Cattle,2006-01-01,113140.421875
46,Meat Cattle,2007-01-01,113832.1953125
47,Meat Cattle,2008-01-01,112020.265625
48,Meat Cattle,2009-01-01,110338.234375
49,Meat Cattle,2010-01-01,108519.7734375
50,Meat Cattle,2011-01-01,106704.6171875
51,Meat Cattle,2012-01-01,104892.703125
52,Meat Cattle,2013-01-01,103210.6640625
53,Meat Cattle,2014-01-01,101392.203125
54,Meat Cattle,2015-01-01,99577.046875
55,Meat Cattle,2016-01-01,97765.125
56,Meat Cattle,2017-01-01,96083.09375
57,Meat Cattle,2018-01-01,94264.6328125
58,Meat Cattle,2019-01-01,92449.4765625
59,Meat Cattle,2020-01-01,90637.5546875
60,Meat Cattle,2021-01-01,88955.515625
61,Meat Cattle,2022-01-01,87137.0703125
62,Meat Cattle,2023-01-01,85321.90625
63,Meat Cattle,2024-01-01,83509.984375
64,Meat Cattle,2025-01-01,81827.9453125
65,Meat Cattle,2026-01-01,80009.484375
66,Meat Cattle,2027-01-01,78194.328125
67,Meat Cattle,2028-01-01,76382.4140625
68,Meat Cattle,2029-01-01,74700.375
69,Meat Cattle,2030-01-01,72881.921875
70,Meat Cattle,2031-01-01,71066.765625
71,Meat Cattle,2032-01-01,69254.84375
72,Meat Cattle,2033-01-01,67572.8046875
73,Meat Cattle,2034-01-01,65754.34375
74,Meat Cattle,2035-01-01,63939.19140625
75,Meat Cattle,2036-01-01,62127.27734375
76,Meat Cattle,2037-01-01,60445.234375
77,Meat Cattle,2038-01-01,58626.77734375
78,Meat Cattle,2039-01-01,56811.60546875
79,Meat Cattle,2040-01-01,54999.69140625
80,Meat Cattle,2041-01-01,53317.6640625
81,Meat Cattle,2042-01-01,51499.20703125
82,Meat Cattle,2043-01-01,49684.03515625
83,Meat Cattle,2044-01-01,47872.12109375
84,Meat Cattle,2045-01-01,46190.08984375
85,Meat Cattle,2046-01-01,44371.63671875
86,Meat Cattle,2047-01-01,42556.48046875
87,Meat Cattle,2048-01-01,40744.55078125
88,Meat Cattle,2049-01-01,39062.51953125
89,Meat Cattle,2050-01-01,37244.06640625
90,Meat Cattle,2051-01-01,35428.91015625
91,Meat Cattle,2052-01-01,33616.9921875
92,Meat Cattle,2053-01-01,31934.9375
93,Meat Cattle,2054-01-01,30116.484375
94,Meat Cattle,2055-01-01,28301.328125
95,Meat Cattle,2056-01-01,26489.4140625
96,Meat Cattle,2057-01-01,24807.3671875
97,Meat Cattle,2058-01-01,22988.9140625
98,Meat Cattle,2059-01-01,21173.7578125
99,Meat Cattle,2060-01-01,19361.84375
100,Meat Cattle,2061-01-01,17679.796875
101,Meat Cattle,2062-01-01,15861.34375
102,Meat Cattle,2063-01-01,14046.1875
103,Meat Cattle,2064-01-01,12234.2734375
104,Meat Cattle,2065-01-01,10552.2421875
105,Meat Cattle,2066-01-01,8733.7890625
106,Meat Cattle,2067-01-01,6918.6171875
0,Meat Buffalo,1961-01-01,58478.76171875
1,Meat Buffalo,1962-01-01,59091.18359375
2,Meat Buffalo,1963-01-01,59697.265625
3,Meat Buffalo,1964-01-01,60296.80859375
4,Meat Buffalo,1965-01-01,61004.01953125
5,Meat Buffalo,1966-01-01,61617.12109375
6,Meat Buffalo,1967-01-01,62224.8203125
7,Meat Buffalo,1968-01-01,62825.984375
8,Meat Buffalo,1969-01-01,63534.8203125
9,Meat Buffalo,1970-01-01,64148.8671875
10,Meat Buffalo,1971-01-01,64792.80859375
11,Meat Buffalo,1972-01-01,65437.34375
12,Meat Buffalo,1973-01-01,66189.671875
13,Meat Buffalo,1974-01-01,66847.09375
14,Meat Buffalo,1975-01-01,67626.6328125
15,Meat Buffalo,1976-01-01,68778.234375
16,Meat Buffalo,1977-01-01,70039.015625
17,Meat Buffalo,1978-01-01,71203.4921875
18,Meat Buffalo,1979-01-01,72361.625
19,Meat Buffalo,1980-01-01,73669.375
20,Meat Buffalo,1981-01-01,75163.4609375
21,Meat Buffalo,1982-01-01,76560.6171875
22,Meat Buffalo,1983-01-01,77951.421875
23,Meat Buffalo,1984-01-01,79255.7578125
24,Meat Buffalo,1985-01-01,79848.359375
25,Meat Buffalo,1986-01-01,80346.484375
26,Meat Buffalo,1987-01-01,80838.2578125
27,Meat Buffalo,1988-01-01,81323.5
28,Meat Buffalo,1989-01-01,82485.859375
29,Meat Buffalo,1990-01-01,84102.3828125
30,Meat Buffalo,1991-01-01,85712.5625
31,Meat Buffalo,1992-01-01,87316.1953125
32,Meat Buffalo,1993-01-01,89030.265625
33,Meat Buffalo,1994-01-01,90147.1875
34,Meat Buffalo,1995-01-01,91218.5625
35,Meat Buffalo,1996-01-01,92283.40625
36,Meat Buffalo,1997-01-01,93457.1875
37,Meat Buffalo,1998-01-01,94646.8828125
38,Meat Buffalo,1999-01-01,96042.828125
39,Meat Buffalo,2000-01-01,97432.234375
40,Meat Buffalo,2001-01-01,98931.4765625
41,Meat Buffalo,2002-01-01,100333.765625
42,Meat Buffalo,2003-01-01,101712.34375
43,Meat Buffalo,2004-01-01,103078.9765625
44,Meat Buffalo,2005-01-01,104555.3828125
45,Meat Buffalo,2006-01-01,105934.90625
46,Meat Buffalo,2007-01-01,107045.765625
47,Meat Buffalo,2008-01-01,106959.6796875
48,Meat Buffalo,2009-01-01,106979.3984375
49,Meat Buffalo,2010-01-01,106906.203125
50,Meat Buffalo,2011-01-01,106826.65625
51,Meat Buffalo,2012-01-01,106740.5859375
52,Meat Buffalo,2013-01-01,106760.296875
53,Meat Buffalo,2014-01-01,106687.109375
54,Meat Buffalo,2015-01-01,106607.5625
55,Meat Buffalo,2016-01-01,106521.484375
56,Meat Buffalo,2017-01-01,106541.203125
57,Meat Buffalo,2018-01-01,106468.0078125
58,Meat Buffalo,2019-01-01,106388.46875
59,Meat Buffalo,2020-01-01,106302.390625
60,Meat Buffalo,2021-01-01,106322.109375
61,Meat Buffalo,2022-01-01,106248.9140625
62,Meat Buffalo,2023-01-01,106169.375
63,Meat Buffalo,2024-01-01,106083.296875
64,Meat Buffalo,2025-01-01,106103.015625
65,Meat Buffalo,2026-01-01,106029.8125
66,Meat Buffalo,2027-01-01,105950.28125
67,Meat Buffalo,2028-01-01,105864.203125
68,Meat Buffalo,2029-01-01,105883.921875
69,Meat Buffalo,2030-01-01,105810.71875
70,Meat Buffalo,2031-01-01,105731.1796875
71,Meat Buffalo,2032-01-01,105645.1015625
72,Meat Buffalo,2033-01-01,105664.8125
73,Meat Buffalo,2034-01-01,105591.625
74,Meat Buffalo,2035-01-01,105512.078125
75,Meat Buffalo,2036-01-01,105426.0
76,Meat Buffalo,2037-01-01,105445.71875
77,Meat Buffalo,2038-01-01,105372.53125
78,Meat Buffalo,2039-01-01,105292.984375
79,Meat Buffalo,2040-01-01,105206.90625
80,Meat Buffalo,2041-01-01,105226.625
81,Meat Buffalo,2042-01-01,105153.4296875
82,Meat Buffalo,2043-01-01,105073.890625
83,Meat Buffalo,2044-01-01,104987.8125
84,Meat Buffalo,2045-01-01,105007.53125
85,Meat Buffalo,2046-01-01,104934.3359375
86,Meat Buffalo,2047-01-01,104854.796875
87,Meat Buffalo,2048-01-01,104768.71875
88,Meat Buffalo,2049-01-01,104788.4375
89,Meat Buffalo,2050-01-01,104715.234375
90,Meat Buffalo,2051-01-01,104635.703125
91,Meat Buffalo,2052-01-01,104549.625
92,Meat Buffalo,2053-01-01,104569.3359375
93,Meat Buffalo,2054-01-01,104496.140625
94,Meat Buffalo,2055-01-01,104416.6015625
95,Meat Buffalo,2056-01-01,104330.5234375
96,Meat Buffalo,2057-01-01,104350.234375
97,Meat Buffalo,2058-01-01,104277.046875
98,Meat Buffalo,2059-01-01,104197.5
99,Meat Buffalo,2060-01-01,104111.421875
100,Meat Buffalo,2061-01-01,104131.140625
101,Meat Buffalo,2062-01-01,104057.953125
102,Meat Buffalo,2063-01-01,103978.40625
103,Meat Buffalo,2064-01-01,103892.328125
104,Meat Buffalo,2065-01-01,103912.046875
105,Meat Buffalo,2066-01-01,103838.8515625
106,Meat Buffalo,2067-01-01,103759.3125
0,Meat Chicken,1961-01-01,311.3733825683594
1,Meat Chicken,1962-01-01,302.6069030761719
2,Meat Chicken,1963-01-01,294.21270751953125
3,Meat Chicken,1964-01-01,286.1906433105469
4,Meat Chicken,1965-01-01,279.5984802246094
5,Meat Chicken,1966-01-01,275.0814514160156
6,Meat Chicken,1967-01-01,276.8586730957031
7,Meat Chicken,1968-01-01,279.00799560546875
8,Meat Chicken,1969-01-01,282.6151123046875
9,Meat Chicken,1970-01-01,284.0200500488281
10,Meat Chicken,1971-01-01,290.86553955078125
11,Meat Chicken,1972-01-01,299.0804748535156
12,Meat Chicken,1973-01-01,308.7698059082031
13,Meat Chicken,1974-01-01,316.2403564453125
14,Meat Chicken,1975-01-01,327.5574645996094
15,Meat Chicken,1976-01-01,349.48583984375
16,Meat Chicken,1977-01-01,372.9261779785156
17,Meat Chicken,1978-01-01,394.11016845703125
18,Meat Chicken,1979-01-01,415.6664123535156
19,Meat Chicken,1980-01-01,444.3753662109375
20,Meat Chicken,1981-01-01,477.94647216796875
21,Meat Chicken,1982-01-01,509.2335205078125
22,Meat Chicken,1983-01-01,540.8928833007812
23,Meat Chicken,1984-01-01,571.9766235351562
24,Meat Chicken,1985-01-01,594.8602905273438
25,Meat Chicken,1986-01-01,615.489013671875
26,Meat Chicken,1987-01-01,636.4900512695312
27,Meat Chicken,1988-01-01,657.8632202148438
28,Meat Chicken,1989-01-01,672.26611328125
29,Meat Chicken,1990-01-01,676.2476806640625
30,Meat Chicken,1991-01-01,680.6015014648438
31,Meat Chicken,1992-01-01,685.3274536132812
32,Meat Chicken,1993-01-01,691.5181884765625
33,Meat Chicken,1994-01-01,718.95654296875
34,Meat Chicken,1995-01-01,748.6083374023438
35,Meat Chicken,1996-01-01,778.6321411132812
36,Meat Chicken,1997-01-01,810.1900634765625
37,Meat Chicken,1998-01-01,847.1124267578125
38,Meat Chicken,1999-01-01,898.9176025390625
39,Meat Chicken,2000-01-01,951.0948486328125
40,Meat Chicken,2001-01-01,1004.8668823242188
41,Meat Chicken,2002-01-01,1056.2996826171875
42,Meat Chicken,2003-01-01,1123.9825439453125
43,Meat Chicken,2004-01-01,1196.974853515625
44,Meat Chicken,2005-01-01,1271.6192626953125
45,Meat Chicken,2006-01-01,1343.8671875
46,Meat Chicken,2007-01-01,1408.1058349609375
47,Meat Chicken,2008-01-01,1434.6773681640625
48,Meat Chicken,2009-01-01,1462.773681640625
49,Meat Chicken,2010-01-01,1488.6007080078125
50,Meat Chicken,2011-01-01,1514.800048828125
51,Meat Chicken,2012-01-01,1541.37158203125
52,Meat Chicken,2013-01-01,1569.4677734375
53,Meat Chicken,2014-01-01,1595.2950439453125
54,Meat Chicken,2015-01-01,1621.4945068359375
55,Meat Chicken,2016-01-01,1648.0660400390625
56,Meat Chicken,2017-01-01,1676.1622314453125
57,Meat Chicken,2018-01-01,1701.9893798828125
58,Meat Chicken,2019-01-01,1728.1888427734375
59,Meat Chicken,2020-01-01,1754.7603759765625
60,Meat Chicken,2021-01-01,1782.8564453125
61,Meat Chicken,2022-01-01,1808.6837158203125
62,Meat Chicken,2023-01-01,1834.8831787109375
63,Meat Chicken,2024-01-01,1861.45458984375
64,Meat Chicken,2025-01-01,1889.5509033203125
65,Meat Chicken,2026-01-01,1915.378173828125
66,Meat Chicken,2027-01-01,1941.57763671875
67,Meat Chicken,2028-01-01,1968.1490478515625
68,Meat Chicken,2029-01-01,1996.2452392578125
69,Meat Chicken,2030-01-01,2022.072509765625
70,Meat Chicken,2031-01-01,2048.27197265625
71,Meat Chicken,2032-01-01,2074.84326171875
72,Meat Chicken,2033-01-01,2102.939453125
73,Meat Chicken,2034-01-01,2128.7666015625
74,Meat Chicken,2035-01-01,2154.966064453125
75,Meat Chicken,2036-01-01,2181.53759765625
76,Meat Chicken,2037-01-01,2209.6337890625
77,Meat Chicken,2038-01-01,2235.4609375
78,Meat Chicken,2039-01-01,2261.66064453125
79,Meat Chicken,2040-01-01,2288.23193359375
80,Meat Chicken,2041-01-01,2316.328125
81,Meat Chicken,2042-01-01,2342.155517578125
82,Meat Chicken,2043-01-01,2368.35498046875
83,Meat Chicken,2044-01-01,2394.92626953125
84,Meat Chicken,2045-01-01,2423.022705078125
85,Meat Chicken,2046-01-01,2448.849609375
86,Meat Chicken,2047-01-01,2475.04931640625
87,Meat Chicken,2048-01-01,2501.62060546875
88,Meat Chicken,2049-01-01,2529.717041015625
89,Meat Chicken,2050-01-01,2555.5439453125
90,Meat Chicken,2051-01-01,2581.743408203125
91,Meat Chicken,2052-01-01,2608.31494140625
92,Meat Chicken,2053-01-01,2636.411376953125
93,Meat Chicken,2054-01-01,2662.23876953125
94,Meat Chicken,2055-01-01,2688.438232421875
95,Meat Chicken,2056-01-01,2715.009521484375
96,Meat Chicken,2057-01-01,2743.105712890625
97,Meat Chicken,2058-01-01,2768.932861328125
98,Meat Chicken,2059-01-01,2795.13232421875
99,Meat Chicken,2060-01-01,2821.703857421875
100,Meat Chicken,2061-01-01,2849.800048828125
101,Meat Chicken,2062-01-01,2875.627197265625
102,Meat Chicken,2063-01-01,2901.826904296875
103,Meat Chicken,2064-01-01,2928.398193359375
104,Meat Chicken,2065-01-01,2956.494140625
105,Meat Chicken,2066-01-01,2982.321533203125
106,Meat Chicken,2067-01-01,3008.52099609375
0,Meat Goat,1961-01-01,11779.484375
1,Meat Goat,1962-01-01,11935.34375
2,Meat Goat,1963-01-01,12087.40234375
3,Meat Goat,1964-01-01,12235.6044921875
4,Meat Goat,1965-01-01,12307.9833984375
5,Meat Goat,1966-01-01,12432.169921875
6,Meat Goat,1967-01-01,12508.416015625
7,Meat Goat,1968-01-01,12580.806640625
8,Meat Goat,1969-01-01,12577.1650390625
9,Meat Goat,1970-01-01,12657.2119140625
10,Meat Goat,1971-01-01,13010.8076171875
11,Meat Goat,1972-01-01,13415.126953125
12,Meat Goat,1973-01-01,13744.3251953125
13,Meat Goat,1974-01-01,14156.3017578125
14,Meat Goat,1975-01-01,14556.1650390625
15,Meat Goat,1976-01-01,14927.67578125
16,Meat Goat,1977-01-01,15223.974609375
17,Meat Goat,1978-01-01,15603.1416015625
18,Meat Goat,1979-01-01,15978.5078125
19,Meat Goat,1980-01-01,16468.427734375
20,Meat Goat,1981-01-01,16941.640625
21,Meat Goat,1982-01-01,17497.23828125
22,Meat Goat,1983-01-01,18049.037109375
23,Meat Goat,1984-01-01,18571.8359375
24,Meat Goat,1985-01-01,18761.490234375
25,Meat Goat,1986-01-01,19034.306640625
26,Meat Goat,1987-01-01,19303.322265625
27,Meat Goat,1988-01-01,19568.48046875
28,Meat Goat,1989-01-01,19697.89453125
29,Meat Goat,1990-01-01,19852.45703125
30,Meat Goat,1991-01-01,20003.216796875
31,Meat Goat,1992-01-01,20150.123046875
32,Meat Goat,1993-01-01,20221.19921875
33,Meat Goat,1994-01-01,20394.853515625
34,Meat Goat,1995-01-01,20566.205078125
35,Meat Goat,1996-01-01,20733.69921875
36,Meat Goat,1997-01-01,20825.423828125
37,Meat Goat,1998-01-01,20960.79296875
38,Meat Goat,1999-01-01,21016.83203125
39,Meat Goat,2000-01-01,21069.017578125
40,Meat Goat,2001-01-01,21045.11328125
41,Meat Goat,2002-01-01,21104.95703125
42,Meat Goat,2003-01-01,21393.91015625
43,Meat Goat,2004-01-01,21751.439453125
44,Meat Goat,2005-01-01,22033.71484375
45,Meat Goat,2006-01-01,22398.90234375
46,Meat Goat,2007-01-01,22677.841796875
47,Meat Goat,2008-01-01,22578.8125
48,Meat Goat,2009-01-01,22403.28125
49,Meat Goat,2010-01-01,22311.90625
50,Meat Goat,2011-01-01,22216.734375
51,Meat Goat,2012-01-01,22117.703125
52,Meat Goat,2013-01-01,21942.171875
53,Meat Goat,2014-01-01,21850.798828125
54,Meat Goat,2015-01-01,21755.625
55,Meat Goat,2016-01-01,21656.59375
56,Meat Goat,2017-01-01,21481.0625
57,Meat Goat,2018-01-01,21389.69140625
58,Meat Goat,2019-01-01,21294.515625
59,Meat Goat,2020-01-01,21195.486328125
60,Meat Goat,2021-01-01,21019.955078125
61,Meat Goat,2022-01-01,20928.58203125
62,Meat Goat,2023-01-01,20833.40625
63,Meat Goat,2024-01-01,20734.376953125
64,Meat Goat,2025-01-01,20558.84375
65,Meat Goat,2026-01-01,20467.47265625
66,Meat Goat,2027-01-01,20372.296875
67,Meat Goat,2028-01-01,20273.267578125
68,Meat Goat,2029-01-01,20097.736328125
69,Meat Goat,2030-01-01,20006.36328125
70,Meat Goat,2031-01-01,19911.189453125
71,Meat Goat,2032-01-01,19812.16015625
72,Meat Goat,2033-01-01,19636.626953125
73,Meat Goat,2034-01-01,19545.25390625
74,Meat Goat,2035-01-01,19450.080078125
75,Meat Goat,2036-01-01,19351.05078125
76,Meat Goat,2037-01-01,19175.51953125
77,Meat Goat,2038-01-01,19084.146484375
78,Meat Goat,2039-01-01,18988.970703125
79,Meat Goat,2040-01-01,18889.94140625
80,Meat Goat,2041-01-01,18714.41015625
81,Meat Goat,2042-01-01,18623.037109375
82,Meat Goat,2043-01-01,18527.86328125
83,Meat Goat,2044-01-01,18428.83203125
84,Meat Goat,2045-01-01,18253.30078125
85,Meat Goat,2046-01-01,18161.927734375
86,Meat Goat,2047-01-01,18066.75390625
87,Meat Goat,2048-01-01,17967.724609375
88,Meat Goat,2049-01-01,17792.193359375
89,Meat Goat,2050-01-01,17700.8203125
90,Meat Goat,2051-01-01,17605.64453125
91,Meat Goat,2052-01-01,17506.615234375
92,Meat Goat,2053-01-01,17331.08203125
93,Meat Goat,2054-01-01,17239.7109375
94,Meat Goat,2055-01-01,17144.53515625
95,Meat Goat,2056-01-01,17045.505859375
96,Meat Goat,2057-01-01,16869.974609375
97,Meat Goat,2058-01-01,16778.6015625
98,Meat Goat,2059-01-01,16683.427734375
99,Meat Goat,2060-01-01,16584.3984375
100,Meat Goat,2061-01-01,16408.8671875
101,Meat Goat,2062-01-01,16317.4921875
102,Meat Goat,2063-01-01,16222.3193359375
103,Meat Goat,2064-01-01,16123.2890625
104,Meat Goat,2065-01-01,15947.7578125
105,Meat Goat,2066-01-01,15856.3837890625
106,Meat Goat,2067-01-01,15761.208984375
0,Meat Pig,1961-01-01,832.103759765625
1,Meat Pig,1962-01-01,847.044677734375
2,Meat Pig,1963-01-01,861.9279174804688
3,Meat Pig,1964-01-01,876.7515869140625
4,Meat Pig,1965-01-01,885.0741577148438
5,Meat Pig,1966-01-01,910.3169555664062
6,Meat Pig,1967-01-01,949.858642578125
7,Meat Pig,1968-01-01,989.3407592773438
8,Meat Pig,1969-01-01,1022.3892822265625
9,Meat Pig,1970-01-01,1061.9886474609375
10,Meat Pig,1971-01-01,1102.3427734375
11,Meat Pig,1972-01-01,1142.797119140625
12,Meat Pig,1973-01-01,1176.820556640625
13,Meat Pig,1974-01-01,1217.39208984375
14,Meat Pig,1975-01-01,1262.41796875
15,Meat Pig,1976-01-01,1320.6807861328125
16,Meat Pig,1977-01-01,1372.5615234375
17,Meat Pig,1978-01-01,1430.941650390625
18,Meat Pig,1979-01-01,1489.26416015625
19,Meat Pig,1980-01-01,1545.9736328125
20,Meat Pig,1981-01-01,1595.5330810546875
21,Meat Pig,1982-01-01,1651.59814453125
22,Meat Pig,1983-01-01,1707.605712890625
23,Meat Pig,1984-01-01,1762.608642578125
24,Meat Pig,1985-01-01,1801.51220703125
25,Meat Pig,1986-01-01,1846.95068359375
26,Meat Pig,1987-01-01,1892.331298828125
27,Meat Pig,1988-01-01,1937.65234375
28,Meat Pig,1989-01-01,1984.60791015625
29,Meat Pig,1990-01-01,2045.85205078125
30,Meat Pig,1991-01-01,2107.0380859375
31,Meat Pig,1992-01-01,2168.164794921875
32,Meat Pig,1993-01-01,2222.917236328125
33,Meat Pig,1994-01-01,2245.3876953125
34,Meat Pig,1995-01-01,2264.757080078125
35,Meat Pig,1996-01-01,2284.06689453125
36,Meat Pig,1997-01-01,2296.887939453125
37,Meat Pig,1998-01-01,2310.56689453125
38,Meat Pig,1999-01-01,2313.275146484375
39,Meat Pig,2000-01-01,2315.923828125
40,Meat Pig,2001-01-01,2312.0380859375
41,Meat Pig,2002-01-01,2314.803955078125
42,Meat Pig,2003-01-01,2260.470458984375
43,Meat Pig,2004-01-01,2188.338134765625
44,Meat Pig,2005-01-01,2109.466552734375
45,Meat Pig,2006-01-01,2037.45166015625
46,Meat Pig,2007-01-01,1971.35595703125
47,Meat Pig,2008-01-01,1932.322998046875
48,Meat Pig,2009-01-01,1886.641357421875
49,Meat Pig,2010-01-01,1847.7255859375
50,Meat Pig,2011-01-01,1808.75244140625
51,Meat Pig,2012-01-01,1769.719482421875
52,Meat Pig,2013-01-01,1724.037841796875
53,Meat Pig,2014-01-01,1685.1220703125
54,Meat Pig,2015-01-01,1646.14892578125
55,Meat Pig,2016-01-01,1607.115966796875
56,Meat Pig,2017-01-01,1561.434326171875
57,Meat Pig,2018-01-01,1522.518798828125
58,Meat Pig,2019-01-01,1483.54541015625
59,Meat Pig,2020-01-01,1444.5125732421875
60,Meat Pig,2021-01-01,1398.8310546875
61,Meat Pig,2022-01-01,1359.9154052734375
62,Meat Pig,2023-01-01,1320.942138671875
63,Meat Pig,2024-01-01,1281.9091796875
64,Meat Pig,2025-01-01,1236.227294921875
65,Meat Pig,2026-01-01,1197.3116455078125
66,Meat Pig,2027-01-01,1158.33837890625
67,Meat Pig,2028-01-01,1119.305419921875
68,Meat Pig,2029-01-01,1073.6239013671875
69,Meat Pig,2030-01-01,1034.708251953125
70,Meat Pig,2031-01-01,995.7350463867188
71,Meat Pig,2032-01-01,956.7021484375
72,Meat Pig,2033-01-01,911.0203857421875
73,Meat Pig,2034-01-01,872.1049194335938
74,Meat Pig,2035-01-01,833.1314697265625
75,Meat Pig,2036-01-01,794.0987548828125
76,Meat Pig,2037-01-01,748.417236328125
77,Meat Pig,2038-01-01,709.50146484375
78,Meat Pig,2039-01-01,670.5280151367188
79,Meat Pig,2040-01-01,631.4949340820312
80,Meat Pig,2041-01-01,585.8133544921875
81,Meat Pig,2042-01-01,546.8978881835938
82,Meat Pig,2043-01-01,507.9244689941406
83,Meat Pig,2044-01-01,468.8917236328125
84,Meat Pig,2045-01-01,423.2101745605469
85,Meat Pig,2046-01-01,384.2943420410156
86,Meat Pig,2047-01-01,345.3212890625
87,Meat Pig,2048-01-01,306.2882080078125
88,Meat Pig,2049-01-01,260.60662841796875
89,Meat Pig,2050-01-01,221.691162109375
90,Meat Pig,2051-01-01,182.71771240234375
91,Meat Pig,2052-01-01,143.68499755859375
92,Meat Pig,2053-01-01,98.0030517578125
93,Meat Pig,2054-01-01,59.0872802734375
94,Meat Pig,2055-01-01,20.11419677734375
95,Meat Pig,2056-01-01,-18.91888427734375
96,Meat Pig,2057-01-01,-64.6004638671875
97,Meat Pig,2058-01-01,-103.51593017578125
98,Meat Pig,2059-01-01,-142.4893798828125
99,Meat Pig,2060-01-01,-181.52203369140625
100,Meat Pig,2061-01-01,-227.20367431640625
101,Meat Pig,2062-01-01,-266.11944580078125
102,Meat Pig,2063-01-01,-305.09259033203125
103,Meat Pig,2064-01-01,-344.12567138671875
104,Meat Pig,2065-01-01,-389.80718994140625
105,Meat Pig,2066-01-01,-428.72296142578125
106,Meat Pig,2067-01-01,-467.69647216796875
0,Meat Sheep,1961-01-01,7931.53076171875
1,Meat Sheep,1962-01-01,7980.56591796875
2,Meat Sheep,1963-01-01,8029.55615234375
3,Meat Sheep,1964-01-01,8078.50048828125
4,Meat Sheep,1965-01-01,8201.1162109375
5,Meat Sheep,1966-01-01,8199.24609375
6,Meat Sheep,1967-01-01,8126.3916015625
7,Meat Sheep,1968-01-01,8053.49072265625
8,Meat Sheep,1969-01-01,8053.927734375
9,Meat Sheep,1970-01-01,7981.11767578125
10,Meat Sheep,1971-01-01,7930.31298828125
11,Meat Sheep,1972-01-01,7883.80224609375
12,Meat Sheep,1973-01-01,7910.701171875
13,Meat Sheep,1974-01-01,7864.28076171875
14,Meat Sheep,1975-01-01,7872.5537109375
15,Meat Sheep,1976-01-01,8042.099609375
16,Meat Sheep,1977-01-01,8285.6474609375
17,Meat Sheep,1978-01-01,8455.283203125
18,Meat Sheep,1979-01-01,8624.875
19,Meat Sheep,1980-01-01,8773.642578125
20,Meat Sheep,1981-01-01,8986.1455078125
21,Meat Sheep,1982-01-01,9124.8212890625
22,Meat Sheep,1983-01-01,9263.453125
23,Meat Sheep,1984-01-01,9382.705078125
24,Meat Sheep,1985-01-01,9377.1796875
25,Meat Sheep,1986-01-01,9298.423828125
26,Meat Sheep,1987-01-01,9219.623046875
27,Meat Sheep,1988-01-01,9140.7763671875
28,Meat Sheep,1989-01-01,9128.3232421875
29,Meat Sheep,1990-01-01,9035.966796875
30,Meat Sheep,1991-01-01,8943.5673828125
31,Meat Sheep,1992-01-01,8851.12109375
32,Meat Sheep,1993-01-01,8831.958984375
33,Meat Sheep,1994-01-01,9035.5341796875
34,Meat Sheep,1995-01-01,9262.2900390625
35,Meat Sheep,1996-01-01,9489.0
36,Meat Sheep,1997-01-01,9789.8681640625
37,Meat Sheep,1998-01-01,9961.798828125
38,Meat Sheep,1999-01-01,10029.517578125
39,Meat Sheep,2000-01-01,10097.189453125
40,Meat Sheep,2001-01-01,10238.583984375
41,Meat Sheep,2002-01-01,10306.3466796875
42,Meat Sheep,2003-01-01,10598.201171875
43,Meat Sheep,2004-01-01,10959.708984375
44,Meat Sheep,2005-01-01,11395.7431640625
45,Meat Sheep,2006-01-01,11757.33984375
46,Meat Sheep,2007-01-01,12022.974609375
47,Meat Sheep,2008-01-01,11853.27734375
48,Meat Sheep,2009-01-01,11756.6533203125
49,Meat Sheep,2010-01-01,11587.046875
50,Meat Sheep,2011-01-01,11417.396484375
51,Meat Sheep,2012-01-01,11247.7001953125
52,Meat Sheep,2013-01-01,11151.076171875
53,Meat Sheep,2014-01-01,10981.46875
54,Meat Sheep,2015-01-01,10811.8193359375
55,Meat Sheep,2016-01-01,10642.123046875
56,Meat Sheep,2017-01-01,10545.498046875
57,Meat Sheep,2018-01-01,10375.8916015625
58,Meat Sheep,2019-01-01,10206.2412109375
59,Meat Sheep,2020-01-01,10036.544921875
60,Meat Sheep,2021-01-01,9939.9208984375
61,Meat Sheep,2022-01-01,9770.314453125
62,Meat Sheep,2023-01-01,9600.6640625
63,Meat Sheep,2024-01-01,9430.96875
64,Meat Sheep,2025-01-01,9334.3427734375
65,Meat Sheep,2026-01-01,9164.736328125
66,Meat Sheep,2027-01-01,8995.0859375
67,Meat Sheep,2028-01-01,8825.3896484375
68,Meat Sheep,2029-01-01,8728.765625
69,Meat Sheep,2030-01-01,8559.1591796875
70,Meat Sheep,2031-01-01,8389.5087890625
71,Meat Sheep,2032-01-01,8219.8125
72,Meat Sheep,2033-01-01,8123.18798828125
73,Meat Sheep,2034-01-01,7953.58154296875
74,Meat Sheep,2035-01-01,7783.93115234375
75,Meat Sheep,2036-01-01,7614.23486328125
76,Meat Sheep,2037-01-01,7517.6103515625
77,Meat Sheep,2038-01-01,7348.0048828125
78,Meat Sheep,2039-01-01,7178.353515625
79,Meat Sheep,2040-01-01,7008.6572265625
80,Meat Sheep,2041-01-01,6912.03271484375
81,Meat Sheep,2042-01-01,6742.4267578125
82,Meat Sheep,2043-01-01,6572.77587890625
83,Meat Sheep,2044-01-01,6403.07958984375
84,Meat Sheep,2045-01-01,6306.455078125
85,Meat Sheep,2046-01-01,6136.84912109375
86,Meat Sheep,2047-01-01,5967.1982421875
87,Meat Sheep,2048-01-01,5797.501953125
88,Meat Sheep,2049-01-01,5700.8779296875
89,Meat Sheep,2050-01-01,5531.271484375
90,Meat Sheep,2051-01-01,5361.62109375
91,Meat Sheep,2052-01-01,5191.92578125
92,Meat Sheep,2053-01-01,5095.2998046875
93,Meat Sheep,2054-01-01,4925.6943359375
94,Meat Sheep,2055-01-01,4756.04345703125
95,Meat Sheep,2056-01-01,4586.34716796875
96,Meat Sheep,2057-01-01,4489.72265625
97,Meat Sheep,2058-01-01,4320.1162109375
98,Meat Sheep,2059-01-01,4150.4658203125
99,Meat Sheep,2060-01-01,3980.769775390625
100,Meat Sheep,2061-01-01,3884.14501953125
101,Meat Sheep,2062-01-01,3714.5390625
102,Meat Sheep,2063-01-01,3544.888671875
103,Meat Sheep,2064-01-01,3375.1923828125
104,Meat Sheep,2065-01-01,3278.5673828125
105,Meat Sheep,2066-01-01,3108.96142578125
106,Meat Sheep,2067-01-01,2939.31103515625
0,Milk Whole Fresh Buffalo,1961-01-01,18643.978515625
1,Milk Whole Fresh Buffalo,1962-01-01,18839.978515625
2,Milk Whole Fresh Buffalo,1963-01-01,19046.779296875
3,Milk Whole Fresh Buffalo,1964-01-01,19264.326171875
4,Milk Whole Fresh Buffalo,1965-01-01,19624.501953125
5,Milk Whole Fresh Buffalo,1966-01-01,19836.185546875
6,Milk Whole Fresh Buffalo,1967-01-01,20080.52734375
7,Milk Whole Fresh Buffalo,1968-01-01,20335.611328125
8,Milk Whole Fresh Buffalo,1969-01-01,20733.4296875
9,Milk Whole Fresh Buffalo,1970-01-01,20966.96875
10,Milk Whole Fresh Buffalo,1971-01-01,21481.06640625
11,Milk Whole Fresh Buffalo,1972-01-01,22058.990234375
12,Milk Whole Fresh Buffalo,1973-01-01,22780.533203125
13,Milk Whole Fresh Buffalo,1974-01-01,23336.912109375
14,Milk Whole Fresh Buffalo,1975-01-01,23901.169921875
15,Milk Whole Fresh Buffalo,1976-01-01,24467.546875
16,Milk Whole Fresh Buffalo,1977-01-01,25177.51171875
17,Milk Whole Fresh Buffalo,1978-01-01,25722.341796875
18,Milk Whole Fresh Buffalo,1979-01-01,26277.9765625
19,Milk Whole Fresh Buffalo,1980-01-01,27296.033203125
20,Milk Whole Fresh Buffalo,1981-01-01,28680.8515625
21,Milk Whole Fresh Buffalo,1982-01-01,29898.69140625
22,Milk Whole Fresh Buffalo,1983-01-01,31127.3359375
23,Milk Whole Fresh Buffalo,1984-01-01,32355.7265625
24,Milk Whole Fresh Buffalo,1985-01-01,33616.5390625
25,Milk Whole Fresh Buffalo,1986-01-01,34710.7109375
26,Milk Whole Fresh Buffalo,1987-01-01,35815.69140625
27,Milk Whole Fresh Buffalo,1988-01-01,36931.40625
28,Milk Whole Fresh Buffalo,1989-01-01,38015.76953125
29,Milk Whole Fresh Buffalo,1990-01-01,38763.5859375
30,Milk Whole Fresh Buffalo,1991-01-01,39522.203125
31,Milk Whole Fresh Buffalo,1992-01-01,40291.5625
32,Milk Whole Fresh Buffalo,1993-01-01,41205.0703125
33,Milk Whole Fresh Buffalo,1994-01-01,41727.265625
34,Milk Whole Fresh Buffalo,1995-01-01,42242.5703125
35,Milk Whole Fresh Buffalo,1996-01-01,42768.6015625
36,Milk Whole Fresh Buffalo,1997-01-01,43438.12109375
37,Milk Whole Fresh Buffalo,1998-01-01,43996.21875
38,Milk Whole Fresh Buffalo,1999-01-01,44666.90625
39,Milk Whole Fresh Buffalo,2000-01-01,45348.328125
40,Milk Whole Fresh Buffalo,2001-01-01,46173.65625
41,Milk Whole Fresh Buffalo,2002-01-01,46833.53515625
42,Milk Whole Fresh Buffalo,2003-01-01,47881.2421875
43,Milk Whole Fresh Buffalo,2004-01-01,49056.9375
44,Milk Whole Fresh Buffalo,2005-01-01,50377.890625
45,Milk Whole Fresh Buffalo,2006-01-01,51532.04296875
46,Milk Whole Fresh Buffalo,2007-01-01,52706.796875
47,Milk Whole Fresh Buffalo,2008-01-01,53936.7421875
48,Milk Whole Fresh Buffalo,2009-01-01,55312.0859375
49,Milk Whole Fresh Buffalo,2010-01-01,56520.4921875
50,Milk Whole Fresh Buffalo,2011-01-01,57739.6953125
51,Milk Whole Fresh Buffalo,2012-01-01,58969.6328125
52,Milk Whole Fresh Buffalo,2013-01-01,60344.984375
53,Milk Whole Fresh Buffalo,2014-01-01,61553.3828125
54,Milk Whole Fresh Buffalo,2015-01-01,62772.59375
55,Milk Whole Fresh Buffalo,2016-01-01,64002.53125
56,Milk Whole Fresh Buffalo,2017-01-01,65377.8828125
57,Milk Whole Fresh Buffalo,2018-01-01,66586.28125
58,Milk Whole Fresh Buffalo,2019-01-01,67805.4921875
59,Milk Whole Fresh Buffalo,2020-01-01,69035.4296875
60,Milk Whole Fresh Buffalo,2021-01-01,70410.78125
61,Milk Whole Fresh Buffalo,2022-01-01,71619.1796875
62,Milk Whole Fresh Buffalo,2023-01-01,72838.375
63,Milk Whole Fresh Buffalo,2024-01-01,74068.3203125
64,Milk Whole Fresh Buffalo,2025-01-01,75443.6796875
65,Milk Whole Fresh Buffalo,2026-01-01,76652.078125
66,Milk Whole Fresh Buffalo,2027-01-01,77871.28125
67,Milk Whole Fresh Buffalo,2028-01-01,79101.21875
68,Milk Whole Fresh Buffalo,2029-01-01,80476.578125
69,Milk Whole Fresh Buffalo,2030-01-01,81684.9765625
70,Milk Whole Fresh Buffalo,2031-01-01,82904.1796875
71,Milk Whole Fresh Buffalo,2032-01-01,84134.1171875
72,Milk Whole Fresh Buffalo,2033-01-01,85509.46875
73,Milk Whole Fresh Buffalo,2034-01-01,86717.859375
74,Milk Whole Fresh Buffalo,2035-01-01,87937.0625
75,Milk Whole Fresh Buffalo,2036-01-01,89167.0078125
76,Milk Whole Fresh Buffalo,2037-01-01,90542.3515625
77,Milk Whole Fresh Buffalo,2038-01-01,91750.75
78,Milk Whole Fresh Buffalo,2039-01-01,92969.9609375
79,Milk Whole Fresh Buffalo,2040-01-01,94199.90625
80,Milk Whole Fresh Buffalo,2041-01-01,95575.265625
81,Milk Whole Fresh Buffalo,2042-01-01,96783.6640625
82,Milk Whole Fresh Buffalo,2043-01-01,98002.859375
83,Milk Whole Fresh Buffalo,2044-01-01,99232.8046875
84,Milk Whole Fresh Buffalo,2045-01-01,100608.15625
85,Milk Whole Fresh Buffalo,2046-01-01,101816.546875
86,Milk Whole Fresh Buffalo,2047-01-01,103035.75
87,Milk Whole Fresh Buffalo,2048-01-01,104265.6875
88,Milk Whole Fresh Buffalo,2049-01-01,105641.0390625
89,Milk Whole Fresh Buffalo,2050-01-01,106849.4453125
90,Milk Whole Fresh Buffalo,2051-01-01,108068.6484375
91,Milk Whole Fresh Buffalo,2052-01-01,109298.59375
92,Milk Whole Fresh Buffalo,2053-01-01,110673.953125
93,Milk Whole Fresh Buffalo,2054-01-01,111882.3515625
94,Milk Whole Fresh Buffalo,2055-01-01,113101.546875
95,Milk Whole Fresh Buffalo,2056-01-01,114331.4921875
96,Milk Whole Fresh Buffalo,2057-01-01,115706.8359375
97,Milk Whole Fresh Buffalo,2058-01-01,116915.234375
98,Milk Whole Fresh Buffalo,2059-01-01,118134.4453125
99,Milk Whole Fresh Buffalo,2060-01-01,119364.390625
100,Milk Whole Fresh Buffalo,2061-01-01,120739.734375
101,Milk Whole Fresh Buffalo,2062-01-01,121948.1328125
102,Milk Whole Fresh Buffalo,2063-01-01,123167.3359375
103,Milk Whole Fresh Buffalo,2064-01-01,124397.2734375
104,Milk Whole Fresh Buffalo,2065-01-01,125772.625
105,Milk Whole Fresh Buffalo,2066-01-01,126981.0234375
106,Milk Whole Fresh Buffalo,2067-01-01,128200.234375
0,Milk Whole Fresh Cow,1961-01-01,29097.3046875
1,Milk Whole Fresh Cow,1962-01-01,29628.29296875
2,Milk Whole Fresh Cow,1963-01-01,30159.67578125
3,Milk Whole Fresh Cow,1964-01-01,30691.392578125
4,Milk Whole Fresh Cow,1965-01-01,30801.05078125
5,Milk Whole Fresh Cow,1966-01-01,31328.32421875
6,Milk Whole Fresh Cow,1967-01-01,31850.814453125
7,Milk Whole Fresh Cow,1968-01-01,32373.634765625
8,Milk Whole Fresh Cow,1969-01-01,32474.375
9,Milk Whole Fresh Cow,1970-01-01,32996.47265625
10,Milk Whole Fresh Cow,1971-01-01,33637.28125
11,Milk Whole Fresh Cow,1972-01-01,34301.70703125
12,Milk Whole Fresh Cow,1973-01-01,34544.44140625
13,Milk Whole Fresh Cow,1974-01-01,35208.14453125
14,Milk Whole Fresh Cow,1975-01-01,36069.8515625
15,Milk Whole Fresh Cow,1976-01-01,37514.28125
16,Milk Whole Fresh Cow,1977-01-01,38539.16015625
17,Milk Whole Fresh Cow,1978-01-01,39982.8671875
18,Milk Whole Fresh Cow,1979-01-01,41426.96875
19,Milk Whole Fresh Cow,1980-01-01,42408.06640625
20,Milk Whole Fresh Cow,1981-01-01,42740.6796875
21,Milk Whole Fresh Cow,1982-01-01,43494.015625
22,Milk Whole Fresh Cow,1983-01-01,44247.7421875
23,Milk Whole Fresh Cow,1984-01-01,45062.48828125
24,Milk Whole Fresh Cow,1985-01-01,46079.5390625
25,Milk Whole Fresh Cow,1986-01-01,47515.4375
26,Milk Whole Fresh Cow,1987-01-01,48951.73046875
27,Milk Whole Fresh Cow,1988-01-01,50388.3515625
28,Milk Whole Fresh Cow,1989-01-01,51029.140625
29,Milk Whole Fresh Cow,1990-01-01,51726.4609375
30,Milk Whole Fresh Cow,1991-01-01,52424.1796875
31,Milk Whole Fresh Cow,1992-01-01,53122.2265625
32,Milk Whole Fresh Cow,1993-01-01,53398.671875
33,Milk Whole Fresh Cow,1994-01-01,53918.15234375
34,Milk Whole Fresh Cow,1995-01-01,54424.0703125
35,Milk Whole Fresh Cow,1996-01-01,54930.3203125
36,Milk Whole Fresh Cow,1997-01-01,55014.4453125
37,Milk Whole Fresh Cow,1998-01-01,55559.9765625
38,Milk Whole Fresh Cow,1999-01-01,56181.84765625
39,Milk Whole Fresh Cow,2000-01-01,56804.0546875
40,Milk Whole Fresh Cow,2001-01-01,57004.453125
41,Milk Whole Fresh Cow,2002-01-01,57625.9296875
42,Milk Whole Fresh Cow,2003-01-01,59010.53125
43,Milk Whole Fresh Cow,2004-01-01,60632.66796875
44,Milk Whole Fresh Cow,2005-01-01,61835.7265625
45,Milk Whole Fresh Cow,2006-01-01,63457.1328125
46,Milk Whole Fresh Cow,2007-01-01,65142.9453125
47,Milk Whole Fresh Cow,2008-01-01,67119.5390625
48,Milk Whole Fresh Cow,2009-01-01,68678.03125
49,Milk Whole Fresh Cow,2010-01-01,70653.890625
50,Milk Whole Fresh Cow,2011-01-01,72630.140625
51,Milk Whole Fresh Cow,2012-01-01,74606.734375
52,Milk Whole Fresh Cow,2013-01-01,76165.2265625
53,Milk Whole Fresh Cow,2014-01-01,78141.09375
54,Milk Whole Fresh Cow,2015-01-01,80117.359375
55,Milk Whole Fresh Cow,2016-01-01,82093.9375
56,Milk Whole Fresh Cow,2017-01-01,83652.4296875
57,Milk Whole Fresh Cow,2018-01-01,85628.296875
58,Milk Whole Fresh Cow,2019-01-01,87604.546875
59,Milk Whole Fresh Cow,2020-01-01,89581.140625
60,Milk Whole Fresh Cow,2021-01-01,91139.6328125
61,Milk Whole Fresh Cow,2022-01-01,93115.5
62,Milk Whole Fresh Cow,2023-01-01,95091.75
63,Milk Whole Fresh Cow,2024-01-01,97068.34375
64,Milk Whole Fresh Cow,2025-01-01,98626.828125
65,Milk Whole Fresh Cow,2026-01-01,100602.703125
66,Milk Whole Fresh Cow,2027-01-01,102578.953125
67,Milk Whole Fresh Cow,2028-01-01,104555.546875
68,Milk Whole Fresh Cow,2029-01-01,106114.03125
69,Milk Whole Fresh Cow,2030-01-01,108089.90625
70,Milk Whole Fresh Cow,2031-01-01,110066.15625
71,Milk Whole Fresh Cow,2032-01-01,112042.75
72,Milk Whole Fresh Cow,2033-01-01,113601.234375
73,Milk Whole Fresh Cow,2034-01-01,115577.09375
74,Milk Whole Fresh Cow,2035-01-01,117553.359375
75,Milk Whole Fresh Cow,2036-01-01,119529.953125
76,Milk Whole Fresh Cow,2037-01-01,121088.421875
77,Milk Whole Fresh Cow,2038-01-01,123064.296875
78,Milk Whole Fresh Cow,2039-01-01,125040.5625
79,Milk Whole Fresh Cow,2040-01-01,127017.15625
80,Milk Whole Fresh Cow,2041-01-01,128575.640625
81,Milk Whole Fresh Cow,2042-01-01,130551.5
82,Milk Whole Fresh Cow,2043-01-01,132527.765625
83,Milk Whole Fresh Cow,2044-01-01,134504.34375
84,Milk Whole Fresh Cow,2045-01-01,136062.859375
85,Milk Whole Fresh Cow,2046-01-01,138038.6875
86,Milk Whole Fresh Cow,2047-01-01,140014.9375
87,Milk Whole Fresh Cow,2048-01-01,141991.546875
88,Milk Whole Fresh Cow,2049-01-01,143550.046875
89,Milk Whole Fresh Cow,2050-01-01,145525.90625
90,Milk Whole Fresh Cow,2051-01-01,147502.15625
91,Milk Whole Fresh Cow,2052-01-01,149478.75
92,Milk Whole Fresh Cow,2053-01-01,151037.265625
93,Milk Whole Fresh Cow,2054-01-01,153013.125
94,Milk Whole Fresh Cow,2055-01-01,154989.375
95,Milk Whole Fresh Cow,2056-01-01,156965.96875
96,Milk Whole Fresh Cow,2057-01-01,158524.453125
97,Milk Whole Fresh Cow,2058-01-01,160500.3125
98,Milk Whole Fresh Cow,2059-01-01,162476.546875
99,Milk Whole Fresh Cow,2060-01-01,164453.15625
100,Milk Whole Fresh Cow,2061-01-01,166011.640625
101,Milk Whole Fresh Cow,2062-01-01,167987.5
102,Milk Whole Fresh Cow,2063-01-01,169963.75
103,Milk Whole Fresh Cow,2064-01-01,171940.34375
104,Milk Whole Fresh Cow,2065-01-01,173498.84375
105,Milk Whole Fresh Cow,2066-01-01,175474.71875
106,Milk Whole Fresh Cow,2067-01-01,177450.953125
